rule_id,status,affected_count,alert_fired,blocks_release,affected_ids,run_ts
DQ01,FAIL,1,true,true,E1015,2026-10-09T19:55:25.818Z
DQ02,FAIL,2,true,false,"E1020, E1035",2026-10-09T19:55:25.818Z
DQ03,FAIL,1,true,false,E1024,2026-10-09T19:55:25.818Z
DQ04,FAIL,2,true,false,"E1029, E1044",2026-10-09T19:55:25.818Z
DQ05,FAIL,1,true,true,E1037,2026-10-09T19:55:25.818Z
DQ06,FAIL,1,false,false,E1030,2026-10-09T19:55:25.818Z
RC01,FAIL,1,true,true,E1027,2026-10-09T19:55:25.818Z
RC02,FAIL,1,true,true,E1099,2026-10-09T19:55:25.818Z
RC03,FAIL,5,true,true,"E1012, E1015, E1018, E1037, E1044",2026-10-09T19:55:25.818Z
RC04,FAIL,2,true,false,"E1020, E1033",2026-10-09T19:55:25.818Z
