rule_id,status,affected_count,blocks_release,affected_ids,run_ts
DQ01,PASS,0,false,,2026-10-09T20:04:27.964Z
DQ02,FAIL,1,false,E1035,2026-10-09T20:04:27.964Z
DQ03,FAIL,2,false,"E1024, E1045",2026-10-09T20:04:27.964Z
DQ04,FAIL,1,false,E1044,2026-10-09T20:04:27.964Z
DQ05,FAIL,1,true,E1037,2026-10-09T20:04:27.964Z
DQ06,FAIL,1,false,E1030,2026-10-09T20:04:27.964Z
RC01,PASS,0,false,,2026-10-09T20:04:27.964Z
RC02,PASS,0,false,,2026-10-09T20:04:27.964Z
RC03,FAIL,3,true,"E1018, E1037, E1044",2026-10-09T20:04:27.964Z
RC04,FAIL,2,false,"E1033, E1045",2026-10-09T20:04:27.964Z
