rule_id,rule,dimension,status,affected_count,severity,action,alert_when_affected,alert_fired,blocks_release,owner,affected_ids,run_id,run_at
DQ01,employee_id unique in every source,Uniqueness,FAIL,1,Critical,Block release,> 0,true,true,Payroll data owner,E1015,1,2026-10-09T21:17:02.713Z
DQ02,Mandatory HR fields populated,Completeness,FAIL,2,Medium,Monitor,> 1,true,false,HR data steward,"E1020, E1035",1,2026-10-09T21:17:02.713Z
DQ03,manager_id exists in HR,Referential integrity,FAIL,1,High,Alert now,> 0,true,false,HR data steward,E1024,1,2026-10-09T21:17:02.713Z
DQ04,HR status agrees with payroll status,Consistency,FAIL,2,Critical,Alert now,> 0,true,false,Payroll and HR operations,"E1029, E1044",1,2026-10-09T21:17:02.713Z
DQ05,Payroll salary is a positive ZAR amount,Validity,FAIL,1,High,Block release,> 0,true,true,Payroll data owner,E1037,1,2026-10-09T21:17:02.713Z
DQ06,Record updated within 30 days of the extract,Freshness,FAIL,1,Medium,Monitor,> 2,false,false,Source system owners,E1030,1,2026-10-09T21:17:02.713Z
RC01,Every HR employee is in Employee 360,Reconciliation,FAIL,1,Critical,Block release,> 0,true,true,Employee 360 build team,E1027,1,2026-10-09T21:17:02.713Z
RC02,No Employee 360 record without an HR employee,Reconciliation,FAIL,1,Critical,Block release,> 0,true,true,Employee 360 build team / MDM,E1099,1,2026-10-09T21:17:02.713Z
RC03,"Status, salary and currency match (and can be verified against) their source",Reconciliation,FAIL,5,Critical,Block release,> 0,true,true,Employee 360 build team,"E1012, E1015, E1018, E1037, E1044",1,2026-10-09T21:17:02.713Z
RC04,"Department, manager, location and name match HR",Reconciliation,FAIL,2,High,Alert now,> 0,true,false,Employee 360 build team,"E1020, E1033",1,2026-10-09T21:17:02.713Z
DQ01,employee_id unique in every source,Uniqueness,PASS,0,Critical,Block release,> 0,false,false,Payroll data owner,,3,2026-10-09T21:34:53.784Z
DQ02,Mandatory HR fields populated,Completeness,FAIL,1,Medium,Monitor,> 1,false,false,HR data steward,E1035,3,2026-10-09T21:34:53.784Z
DQ03,manager_id exists in HR,Referential integrity,FAIL,2,High,Alert now,> 0,true,false,HR data steward,"E1024, E1045",3,2026-10-09T21:34:53.784Z
DQ04,HR status agrees with payroll status,Consistency,FAIL,1,Critical,Alert now,> 0,true,false,Payroll and HR operations,E1044,3,2026-10-09T21:34:53.784Z
DQ05,Payroll salary is a positive ZAR amount,Validity,FAIL,1,High,Block release,> 0,true,true,Payroll data owner,E1037,3,2026-10-09T21:34:53.784Z
DQ06,Record updated within 30 days of the extract,Freshness,FAIL,1,Medium,Monitor,> 2,false,false,Source system owners,E1030,3,2026-10-09T21:34:53.784Z
RC01,Every HR employee is in Employee 360,Reconciliation,PASS,0,Critical,Block release,> 0,false,false,Employee 360 build team,,3,2026-10-09T21:34:53.784Z
RC02,No Employee 360 record without an HR employee,Reconciliation,PASS,0,Critical,Block release,> 0,false,false,Employee 360 build team / MDM,,3,2026-10-09T21:34:53.784Z
RC03,"Status, salary and currency match (and can be verified against) their source",Reconciliation,FAIL,3,Critical,Block release,> 0,true,true,Employee 360 build team,"E1018, E1037, E1044",3,2026-10-09T21:34:53.784Z
RC04,"Department, manager, location and name match HR",Reconciliation,FAIL,2,High,Alert now,> 0,true,false,Employee 360 build team,"E1033, E1045",3,2026-10-09T21:34:53.784Z
