date_day,year,month,day,day_name,is_weekend
2026-08-01,2026,8,1,Saturday,1
2026-08-02,2026,8,2,Sunday,1
2026-08-03,2026,8,3,Monday,0
2026-08-04,2026,8,4,Tuesday,0
2026-08-05,2026,8,5,Wednesday,0
2026-08-06,2026,8,6,Thursday,0
2026-08-07,2026,8,7,Friday,0
2026-08-08,2026,8,8,Saturday,1
2026-08-09,2026,8,9,Sunday,1
2026-08-10,2026,8,10,Monday,0
2026-08-11,2026,8,11,Tuesday,0
2026-08-12,2026,8,12,Wednesday,0
2026-08-13,2026,8,13,Thursday,0
2026-08-14,2026,8,14,Friday,0
2026-08-15,2026,8,15,Saturday,1
2026-08-16,2026,8,16,Sunday,1
2026-08-17,2026,8,17,Monday,0
2026-08-18,2026,8,18,Tuesday,0
2026-08-19,2026,8,19,Wednesday,0
2026-08-20,2026,8,20,Thursday,0
2026-08-21,2026,8,21,Friday,0
2026-08-22,2026,8,22,Saturday,1
2026-08-23,2026,8,23,Sunday,1
2026-08-24,2026,8,24,Monday,0
2026-08-25,2026,8,25,Tuesday,0
2026-08-26,2026,8,26,Wednesday,0
2026-08-27,2026,8,27,Thursday,0
2026-08-28,2026,8,28,Friday,0
2026-08-29,2026,8,29,Saturday,1
2026-08-30,2026,8,30,Sunday,1
2026-08-31,2026,8,31,Monday,0
2026-09-01,2026,9,1,Tuesday,0
2026-09-02,2026,9,2,Wednesday,0
2026-09-03,2026,9,3,Thursday,0
2026-09-04,2026,9,4,Friday,0
2026-09-05,2026,9,5,Saturday,1
2026-09-06,2026,9,6,Sunday,1
2026-09-07,2026,9,7,Monday,0
2026-09-08,2026,9,8,Tuesday,0
2026-09-09,2026,9,9,Wednesday,0
2026-09-10,2026,9,10,Thursday,0
2026-09-11,2026,9,11,Friday,0
2026-09-12,2026,9,12,Saturday,1
2026-09-13,2026,9,13,Sunday,1
2026-09-14,2026,9,14,Monday,0
2026-09-15,2026,9,15,Tuesday,0
2026-09-16,2026,9,16,Wednesday,0
2026-09-17,2026,9,17,Thursday,0
2026-09-18,2026,9,18,Friday,0
2026-09-19,2026,9,19,Saturday,1
2026-09-20,2026,9,20,Sunday,1
2026-09-21,2026,9,21,Monday,0
2026-09-22,2026,9,22,Tuesday,0
2026-09-23,2026,9,23,Wednesday,0
2026-09-24,2026,9,24,Thursday,0
2026-09-25,2026,9,25,Friday,0
2026-09-26,2026,9,26,Saturday,1
2026-09-27,2026,9,27,Sunday,1
2026-09-28,2026,9,28,Monday,0
2026-09-29,2026,9,29,Tuesday,0
2026-09-30,2026,9,30,Wednesday,0
2026-10-01,2026,10,1,Thursday,0
2026-10-02,2026,10,2,Friday,0
2026-10-03,2026,10,3,Saturday,1
2026-10-04,2026,10,4,Sunday,1
2026-10-05,2026,10,5,Monday,0
2026-10-06,2026,10,6,Tuesday,0
2026-10-07,2026,10,7,Wednesday,0
2026-10-08,2026,10,8,Thursday,0
2026-10-09,2026,10,9,Friday,0
2026-10-10,2026,10,10,Saturday,1
2026-10-11,2026,10,11,Sunday,1
2026-10-12,2026,10,12,Monday,0
2026-10-13,2026,10,13,Tuesday,0
2026-10-14,2026,10,14,Wednesday,0
2026-10-15,2026,10,15,Thursday,0
2026-10-16,2026,10,16,Friday,0
2026-10-17,2026,10,17,Saturday,1
2026-10-18,2026,10,18,Sunday,1
2026-10-19,2026,10,19,Monday,0
2026-10-20,2026,10,20,Tuesday,0
2026-10-21,2026,10,21,Wednesday,0
2026-10-22,2026,10,22,Thursday,0
2026-10-23,2026,10,23,Friday,0
2026-10-24,2026,10,24,Saturday,1
2026-10-25,2026,10,25,Sunday,1
2026-10-26,2026,10,26,Monday,0
2026-10-27,2026,10,27,Tuesday,0
2026-10-28,2026,10,28,Wednesday,0
2026-10-29,2026,10,29,Thursday,0
2026-10-30,2026,10,30,Friday,0
2026-10-31,2026,10,31,Saturday,1
