wallet_txn_id,wallet_id,player_id,txn_type,balance_type,amount,direction,signed_amount,balance_before,balance_after,related_bet_id,related_deposit_attempt_id,related_withdrawal_id,related_player_bonus_id,reversal_of_wallet_txn_id,idempotency_key,source_system,status,transaction_date,created_at_utc
1,2,2,deposit,real,500.0000,credit,500.0000,0.0000,500.0000,,2,,,,deposit:GW-D0002,platform,posted,2026-09-10,2026-09-10 09:05:00
2,1,1,deposit,real,1000.0000,credit,1000.0000,0.0000,1000.0000,,3,,,,deposit:GW-D0003,platform,posted,2026-09-02,2026-09-02 10:01:00
3,3,3,deposit,real,100.0000,credit,100.0000,0.0000,100.0000,,4,,,,deposit:GW-D0004,platform,posted,2026-09-03,2026-09-03 11:01:00
4,3,3,bonus_credit,bonus,50.0000,credit,50.0000,0.0000,50.0000,,,,1,,bonus_grant:1,platform,posted,2026-09-03,2026-09-03 11:05:00
5,1,1,bet_stake,real,200.0000,debit,-200.0000,1000.0000,800.0000,1,,,,,bet_stake:1,platform,posted,2026-09-05,2026-09-05 14:00:00
6,1,1,bet_win,real,360.0000,credit,360.0000,800.0000,1160.0000,1,,,,,bet_win:1,platform,posted,2026-09-05,2026-09-05 17:00:00
7,3,3,bet_stake,bonus,20.0000,debit,-20.0000,50.0000,30.0000,2,,,,,bet_stake:2,platform,posted,2026-09-06,2026-09-06 10:00:00
8,1,1,bet_stake,real,50.0000,debit,-50.0000,1160.0000,1110.0000,3,,,,,bet_stake:3,platform,posted,2026-09-07,2026-09-07 20:00:00
9,1,1,bet_win,real,80.0000,credit,80.0000,1110.0000,1190.0000,3,,,,,bet_win:3,platform,posted,2026-09-07,2026-09-07 20:00:05
10,2,2,bet_stake,real,100.0000,debit,-100.0000,500.0000,400.0000,4,,,,,bet_stake:4,platform,posted,2026-09-11,2026-09-11 13:00:00
