deposit_id,player_id,created_at,dep_amount,gateway_ref,settlement_row_id,gateway_txn_id,merchant_ref,settled_at,gross_amount,fee,net_amount,gw_status,expected_fee,category,financial_impact,category_type
D000001,P0077,2026-09-01 00:03:44,150.00,GW-000001,4,GT900001,GW-000001,2026-09-01 00:33:44,150.00,4.00,146.00,SETTLED,4.00,"OK: matched, amount and fee correct",0.00,OK
D000002,P0087,2026-09-01 00:44:17,1500.00,GW-000002,5,GT900002,GW-000002,2026-09-01 00:52:17,1500.00,31.00,1469.00,SETTLED,31.00,"OK: matched, amount and fee correct",0.00,OK
D000003,P0065,2026-09-01 01:25:44,500.00,GW-000003,8,GT900003,GW-000003,2026-09-01 02:09:44,500.00,11.00,489.00,SETTLED,11.00,"OK: matched, amount and fee correct",0.00,OK
D000004,P0050,2026-09-01 01:29:40,250.00,GW-000004,6,GT900004,GW-000004,2026-09-01 01:48:40,250.00,6.00,244.00,SETTLED,6.00,"OK: matched, amount and fee correct",0.00,OK
D000005,P0008,2026-09-01 02:42:07,500.00,GW-000005,9,GT900005,GW-000005,2026-09-01 03:30:07,500.00,11.00,489.00,SETTLED,11.00,"OK: matched, amount and fee correct",0.00,OK
D000006,P0004,2026-09-01 03:20:46,1500.00,GW-000006,10,GT900006,GW-000006,2026-09-01 03:39:46,1500.00,31.00,1469.00,SETTLED,31.00,"OK: matched, amount and fee correct",0.00,OK
D000007,P0038,2026-09-01 04:02:24,500.00,GW-000007,12,GT900007,GW-000007,2026-09-01 04:49:24,500.00,11.00,489.00,SETTLED,11.00,"OK: matched, amount and fee correct",0.00,OK
D000008,P0039,2026-09-01 04:05:14,100.00,GW-000008,14,GT900008,GW-000008,2026-09-01 04:55:14,100.00,3.00,97.00,SETTLED,3.00,"OK: matched, amount and fee correct",0.00,OK
D000009,P0041,2026-09-01 04:06:58,1500.00,GW-000009,11,GT900009,GW-000009,2026-09-01 04:44:58,1500.00,31.00,1469.00,SETTLED,31.00,"OK: matched, amount and fee correct",0.00,OK
D000010,P0070,2026-09-01 04:29:39,20.00,GW-000010,13,GT900010,GW-000010,2026-09-01 04:51:39,20.00,1.40,18.60,SETTLED,1.40,"OK: matched, amount and fee correct",0.00,OK
D000011,P0072,2026-09-01 05:57:44,150.00,GW-000011,15,GT900011,GW-000011,2026-09-01 06:01:44,150.00,4.00,146.00,SETTLED,4.00,"OK: matched, amount and fee correct",0.00,OK
D000012,P0021,2026-09-01 06:41:33,100.00,GW-000012,17,GT900012,GW-000012,2026-09-01 07:21:33,100.00,3.00,97.00,SETTLED,3.00,"OK: matched, amount and fee correct",0.00,OK
D000013,P0016,2026-09-01 07:12:21,100.00,GW-000013,16,GT900013,GW-000013,2026-09-01 07:15:21,100.00,3.00,97.00,SETTLED,3.00,"OK: matched, amount and fee correct",0.00,OK
D000014,P0067,2026-09-01 07:23:28,100.00,GW-000014,18,GT900014,GW-000014,2026-09-01 07:46:28,100.00,3.00,97.00,SETTLED,3.00,"OK: matched, amount and fee correct",0.00,OK
D000015,P0004,2026-09-01 07:27:04,300.00,GW-000015,19,GT900015,GW-000015,2026-09-01 07:55:04,300.00,7.00,293.00,SETTLED,7.00,"OK: matched, amount and fee correct",0.00,OK
D000016,P0046,2026-09-01 07:30:43,100.00,GW-000016,20,GT900016,GW-000016,2026-09-01 07:57:43,100.00,3.00,97.00,SETTLED,3.00,"OK: matched, amount and fee correct",0.00,OK
D000017,P0049,2026-09-01 07:55:05,1000.00,GW-000017,21,GT900017,GW-000017,2026-09-01 08:11:05,1000.00,21.00,979.00,SETTLED,21.00,"OK: matched, amount and fee correct",0.00,OK
D000018,P0085,2026-09-01 09:38:37,1500.00,GW-000018,22,GT900018,GW-000018,2026-09-01 09:53:37,1500.00,31.00,1469.00,SETTLED,31.00,"OK: matched, amount and fee correct",0.00,OK
D000019,P0024,2026-09-01 09:47:33,100.00,GW-000019,23,GT900019,GW-000019,2026-09-01 10:22:33,100.00,3.00,97.00,SETTLED,3.00,"OK: matched, amount and fee correct",0.00,OK
D000020,P0085,2026-09-01 09:56:51,20.00,GW-000020,24,GT900020,GW_000020,2026-09-01 10:42:51,20.00,1.40,18.60,SETTLED,1.40,"OK: matched, amount and fee correct",0.00,OK
D000021,P0033,2026-09-01 11:04:17,1000.00,GW-000021,25,GT900021,GW-000021,2026-09-01 11:14:17,1000.00,21.00,979.00,SETTLED,21.00,"OK: matched, amount and fee correct",0.00,OK
D000022,P0003,2026-09-01 13:00:28,200.00,GW-000022,26,GT900022,GW-000022,2026-09-01 13:02:28,200.00,6.00,194.00,SETTLED,5.00,BREAK: settled fee differs from contracted fee,1.00,BREAK
D000023,P0070,2026-09-01 13:10:34,250.00,GW-000023,27,GT900023,GW-000023,2026-09-01 13:41:34,250.00,6.00,244.00,SETTLED,6.00,"OK: matched, amount and fee correct",0.00,OK
D000024,P0034,2026-09-01 14:02:08,1500.00,GW-000024,28,GT900024,GW-000024,2026-09-01 14:23:08,1500.00,31.00,1469.00,SETTLED,31.00,"OK: matched, amount and fee correct",0.00,OK
D000025,P0081,2026-09-01 14:14:22,100.00,GW-000025,29,GT900025,GW-000025,2026-09-01 14:52:22,100.00,3.00,97.00,SETTLED,3.00,"OK: matched, amount and fee correct",0.00,OK
D000026,P0023,2026-09-01 14:57:50,50.00,GW-000026,30,GT900026,GW-000026,2026-09-01 15:33:50,50.00,2.00,48.00,SETTLED,2.00,"OK: matched, amount and fee correct",0.00,OK
D000027,P0084,2026-09-01 16:41:35,50.00,GW-000027,31,GT900027,GW-000027,2026-09-01 17:14:35,50.00,2.00,48.00,SETTLED,2.00,"OK: matched, amount and fee correct",0.00,OK
D000028,P0044,2026-09-01 17:36:01,250.00,GW-000028,32,GT900028,GW-000028,2026-09-01 18:17:01,250.00,6.00,244.00,SETTLED,6.00,"OK: matched, amount and fee correct",0.00,OK
D000029,P0008,2026-09-01 18:18:53,500.00,GW-000029,35,GT900029,GW-000029,2026-09-01 19:01:53,500.00,11.00,489.00,SETTLED,11.00,"OK: matched, amount and fee correct",0.00,OK
D000030,P0081,2026-09-01 18:36:59,20.00,GW-000030,33,GT900030,GW-000030,2026-09-01 18:52:59,20.00,1.40,18.60,SETTLED,1.40,"OK: matched, amount and fee correct",0.00,OK
D000031,P0008,2026-09-01 18:43:38,5000.00,GW-000031,34,GT900031,GW-000031,2026-09-01 18:58:38,5000.00,101.00,4899.00,SETTLED,101.00,"OK: matched, amount and fee correct",0.00,OK
D000032,P0052,2026-09-01 20:14:44,100.00,GW-000032,37,GT900032,GW-000032,2026-09-01 21:00:44,100.00,3.00,97.00,SETTLED,3.00,"OK: matched, amount and fee correct",0.00,OK
D000033,P0030,2026-09-01 21:23:20,500.00,GW-000033,38,GT900033,GW-000033,2026-09-01 21:59:20,500.00,11.00,489.00,SETTLED,11.00,"OK: matched, amount and fee correct",0.00,OK
D000034,P0044,2026-09-01 22:13:47,250.00,GW-000034,39,GT900034,GW-000034,2026-09-01 22:26:47,250.00,6.00,244.00,SETTLED,6.00,"OK: matched, amount and fee correct",0.00,OK
D000035,P0046,2026-09-01 22:54:39,500.00,GW-000035,40,GT900035,GW-000035,2026-09-01 23:24:39,500.00,11.00,489.00,SETTLED,11.00,"OK: matched, amount and fee correct",0.00,OK
D000036,P0071,2026-09-01 23:30:44,2000.00,GW-000036,41,GT900036,GW-000036,2026-09-02 00:01:44,2000.00,41.00,1959.00,SETTLED,41.00,"OK: matched, amount and fee correct",0.00,OK
D000037,P0025,2026-09-02 00:11:40,300.00,GW-000037,42,GT900037,GW-000037,2026-09-02 00:22:40,300.00,7.00,293.00,SETTLED,7.00,"OK: matched, amount and fee correct",0.00,OK
D000038,P0020,2026-09-02 00:35:34,1500.00,GW-000038,43,GT900038,GW-000038,2026-09-02 01:07:34,1500.00,31.00,1469.00,SETTLED,31.00,"OK: matched, amount and fee correct",0.00,OK
D000039,P0046,2026-09-02 02:07:00,20.00,GW-000039,44,GT900039,GW-000039,2026-09-02 02:41:00,20.00,1.40,18.60,SETTLED,1.40,"OK: matched, amount and fee correct",0.00,OK
D000040,P0005,2026-09-02 02:24:49,1500.00,GW-000040,45,GT900040,GW-000040,2026-09-02 03:05:49,1500.00,31.00,1469.00,SETTLED,31.00,"OK: matched, amount and fee correct",0.00,OK
D000041,P0011,2026-09-02 02:50:45,100.00,GW-000041,46,GT900041,GW-000041,2026-09-02 03:10:45,100.00,3.00,97.00,SETTLED,3.00,"OK: matched, amount and fee correct",0.00,OK
D000042,P0070,2026-09-02 03:07:22,500.00,GW-000042,47,GT900042,GW-000042,2026-09-02 03:54:22,500.00,11.00,489.00,SETTLED,11.00,"OK: matched, amount and fee correct",0.00,OK
D000043,P0018,2026-09-02 03:20:29,250.00,GW-000043,48,GT900043,GW-000043,2026-09-02 04:06:29,250.00,6.00,244.00,SETTLED,6.00,"OK: matched, amount and fee correct",0.00,OK
D000044,P0003,2026-09-02 03:32:39,100.00,GW-000044,49,GT900044,GW-000044,2026-09-02 04:07:39,100.00,3.00,97.00,SETTLED,3.00,"OK: matched, amount and fee correct",0.00,OK
D000045,P0090,2026-09-02 04:05:14,150.00,GW-000045,52,GT900045,GW-000045,2026-09-02 04:43:14,150.00,4.00,146.00,SETTLED,4.00,"OK: matched, amount and fee correct",0.00,OK
D000046,P0074,2026-09-02 04:05:35,300.00,GW-000046,50,GT900046,GW-000046,2026-09-02 04:08:35,300.00,7.00,293.00,SETTLED,7.00,"OK: matched, amount and fee correct",0.00,OK
D000047,P0049,2026-09-02 04:09:18,1000.00,GW-000047,53,GT900047,GW-000047,2026-09-02 04:44:18,1000.00,21.00,979.00,SETTLED,21.00,BREAK: duplicate internal SUCCESS deposit for one settlement (double-credit risk),0.00,BREAK
D000048,P0066,2026-09-02 04:33:34,100.00,GW-000048,51,GT900048,GW-000048,2026-09-02 04:40:34,50.00,2.00,48.00,SETTLED,2.00,BREAK: settled gross amount differs from internal amount,50.00,BREAK
D000049,P0019,2026-09-02 04:39:12,50.00,GW-000049,54,GT900049,GW-000049,2026-09-02 05:26:12,50.00,2.00,48.00,SETTLED,2.00,"OK: matched, amount and fee correct",0.00,OK
D000050,P0043,2026-09-02 05:33:04,1000.00,GW-000050,56,GT900050,GW-000050,2026-09-02 06:09:04,1000.00,21.00,979.00,SETTLED,21.00,"OK: matched, amount and fee correct",0.00,OK
D000051,P0040,2026-09-02 05:52:39,250.00,GW-000051,55,GT900051,GW-000051,2026-09-02 05:55:39,250.00,6.00,244.00,SETTLED,6.00,"OK: matched, amount and fee correct",0.00,OK
D000052,P0021,2026-09-02 05:53:42,150.00,GW-000052,57,GT900052,GW-000052,2026-09-02 06:12:42,150.00,4.00,146.00,SETTLED,4.00,"OK: matched, amount and fee correct",0.00,OK
D000053,P0070,2026-09-02 06:53:06,300.00,GW-000053,58,GT900053,GW-000053,2026-09-02 07:12:06,300.00,7.00,293.00,SETTLED,7.00,"OK: matched, amount and fee correct",0.00,OK
D000054,P0018,2026-09-02 06:54:49,500.00,GW-000054,59,GT900054,GW-000054,2026-09-02 07:19:49,500.00,11.00,489.00,SETTLED,11.00,"OK: matched, amount and fee correct",0.00,OK
D000055,P0081,2026-09-02 06:58:04,150.00,GW-000055,,,,,,,,,,"BREAK: deposit SUCCESS, no gateway settlement found",150.00,BREAK
D000056,P0055,2026-09-02 07:57:01,5000.00,GW-000056,61,GT900056,GW-000056,2026-09-02 08:20:01,5100.00,103.00,4997.00,SETTLED,103.00,BREAK: settled gross amount differs from internal amount,-100.00,BREAK
D000057,P0067,2026-09-02 08:15:15,100.00,GW-000057,60,GT900057,GW-000057,2026-09-02 08:17:15,100.00,3.00,97.00,SETTLED,3.00,"OK: matched, amount and fee correct",0.00,OK
D000058,P0041,2026-09-02 09:55:04,100.00,GW-000058,63,GT900058,GW-000058,2026-09-02 10:30:04,100.00,3.00,97.00,SETTLED,3.00,"OK: matched, amount and fee correct",0.00,OK
D000059,P0021,2026-09-02 10:41:46,100.00,GW-000059,64,GT900059,GW-000059,2026-09-02 10:43:46,100.00,3.00,97.00,SETTLED,3.00,"OK: matched, amount and fee correct",0.00,OK
D000060,P0066,2026-09-02 10:58:59,100.00,GW-000060,67,GT900060,GW-000060,2026-09-02 11:41:59,100.00,3.00,97.00,SETTLED,3.00,"OK: matched, amount and fee correct",0.00,OK
D000061,P0048,2026-09-02 11:11:27,20.00,GW-000061,65,GT900061,GW-000061,2026-09-02 11:16:27,20.00,1.40,18.60,SETTLED,1.40,"OK: matched, amount and fee correct",0.00,OK
D000062,P0039,2026-09-02 11:21:08,500.00,GW-000062,66,GT900062,GW-000062,2026-09-02 11:35:08,500.00,11.00,489.00,SETTLED,11.00,"OK: matched, amount and fee correct",0.00,OK
D000063,P0077,2026-09-02 11:32:20,100.00,GW-000063,69,GT900063,GW-000063,2026-09-02 12:12:20,100.00,3.00,97.00,SETTLED,3.00,"OK: matched, amount and fee correct",0.00,OK
D000064,P0017,2026-09-02 11:49:56,200.00,GW-000064,68,GT900064,GW-000064,2026-09-02 11:56:56,1000.00,21.00,979.00,SETTLED,21.00,BREAK: settled gross amount differs from internal amount,-800.00,BREAK
D000065,P0063,2026-09-02 13:34:25,500.00,GW-000065,70,GT900065,GW-000065,2026-09-02 13:41:25,500.00,11.00,489.00,SETTLED,11.00,"OK: matched, amount and fee correct",0.00,OK
D000066,P0049,2026-09-02 13:36:52,50.00,GW-000066,71,GT900066,GW-000066,2026-09-02 13:53:52,50.00,2.00,48.00,SETTLED,2.00,"OK: matched, amount and fee correct",0.00,OK
D000067,P0083,2026-09-02 14:13:10,300.00,GW-000067,72,GT900067,GW-000067,2026-09-02 14:21:10,300.00,7.00,293.00,SETTLED,7.00,"OK: matched, amount and fee correct",0.00,OK
D000068,P0061,2026-09-02 14:37:40,500.00,GW-000068,73,GT900068,GW-000068,2026-09-02 15:09:40,499.99,11.00,488.99,SETTLED,11.00,NOT A PROBLEM: rounding difference <= 1 cent,0.01,NOT A PROBLEM
D000069,P0072,2026-09-02 15:16:55,100.00,GW-000069,74,GT900069,GW-000069,2026-09-02 15:50:55,100.00,3.00,97.00,SETTLED,3.00,"OK: matched, amount and fee correct",0.00,OK
D000070,P0046,2026-09-02 15:25:20,200.00,GW-000070,75,GT900070,GW-000070,2026-09-02 16:09:20,200.00,5.00,195.00,SETTLED,5.00,"OK: matched, amount and fee correct",0.00,OK
D000071,P0075,2026-09-02 16:06:51,2000.00,GW-000071,76,GT900071,GW-000071,2026-09-02 16:29:51,2000.00,41.00,1959.00,SETTLED,41.00,"OK: matched, amount and fee correct",0.00,OK
D000072,P0009,2026-09-02 17:02:12,50.00,GW-000072,77,GT900072,GW-000072,2026-09-02 17:52:12,50.00,2.00,48.00,SETTLED,2.00,"OK: matched, amount and fee correct",0.00,OK
D000073,P0064,2026-09-02 17:28:50,50.00,GW-000073,78,GT900073,GW-000073,2026-09-02 18:18:50,50.00,2.00,48.00,SETTLED,2.00,"OK: matched, amount and fee correct",0.00,OK
D000074,P0034,2026-09-02 18:37:48,300.00,GW-000074,79,GT900074,GW-000074,2026-09-02 19:26:48,300.00,7.00,293.00,SETTLED,7.00,"OK: matched, amount and fee correct",0.00,OK
D000075,P0022,2026-09-02 19:15:51,200.00,GW-000075,80,GT900075,GW-000075,2026-09-02 19:36:51,200.00,5.00,195.00,SETTLED,5.00,"OK: matched, amount and fee correct",0.00,OK
D000076,P0065,2026-09-02 19:38:42,1500.00,GW-000076,81,GT900076,GW-000076,2026-09-02 20:14:42,1500.00,31.00,1469.00,SETTLED,31.00,"OK: matched, amount and fee correct",0.00,OK
D000077,P0042,2026-09-02 20:49:25,500.00,GW-000077,84,GT900077,GW-000077,2026-09-02 21:36:25,500.00,11.00,489.00,SETTLED,11.00,"OK: matched, amount and fee correct",0.00,OK
D000078,P0052,2026-09-02 21:04:38,5000.00,GW-000078,83,GT900078,GW-000078,2026-09-02 21:25:38,5000.00,101.00,4899.00,SETTLED,101.00,"OK: matched, amount and fee correct",0.00,OK
D000079,P0026,2026-09-02 21:39:33,100.00,GW-000079,85,GT900079,GW-000079,2026-09-02 22:09:33,100.00,3.00,97.00,SETTLED,3.00,"OK: matched, amount and fee correct",0.00,OK
D000080,P0089,2026-09-02 22:38:19,200.00,GW-000080,86,GT900080,GW-000080,2026-09-02 23:01:19,200.00,5.00,195.00,SETTLED,5.00,"OK: matched, amount and fee correct",0.00,OK
D000081,P0053,2026-09-02 22:43:01,500.00,GW-000081,88,GT900081,GW-000081,2026-09-02 23:21:01,500.00,11.00,489.00,SETTLED,11.00,"OK: matched, amount and fee correct",0.00,OK
D000082,P0028,2026-09-02 23:00:30,1000.00,GW-000082,87,GT900082,GW-000082,2026-09-02 23:10:30,1000.00,21.00,979.00,SETTLED,21.00,"OK: matched, amount and fee correct",0.00,OK
D000083,P0073,2026-09-03 01:43:47,2000.00,GW-000083,90,GT900083,GW-000083,2026-09-03 02:26:47,2000.00,41.00,1959.00,SETTLED,41.00,"OK: matched, amount and fee correct",0.00,OK
D000084,P0056,2026-09-03 01:53:14,100.00,GW-000084,89,GT900084,GW-000084,2026-09-03 02:11:14,100.00,3.00,97.00,SETTLED,3.00,"OK: matched, amount and fee correct",0.00,OK
D000085,P0016,2026-09-03 02:29:45,500.00,GW-000085,91,GT900085,GW-000085,2026-09-03 02:50:45,500.00,11.00,489.00,SETTLED,11.00,"OK: matched, amount and fee correct",0.00,OK
D000086,P0057,2026-09-03 02:53:00,250.00,GW-000086,92,GT900086,GW-000086,2026-09-03 03:10:00,250.00,6.00,244.00,SETTLED,6.00,"OK: matched, amount and fee correct",0.00,OK
D000087,P0070,2026-09-03 03:32:38,100.00,GW-000087,93,GT900087,GW-000087,2026-09-03 04:13:38,100.00,3.00,97.00,SETTLED,3.00,"OK: matched, amount and fee correct",0.00,OK
D000088,P0030,2026-09-03 05:08:34,250.00,GW-000088,94,GT900088,GW-000088,2026-09-03 05:30:34,250.00,6.00,244.00,SETTLED,6.00,"OK: matched, amount and fee correct",0.00,OK
D000089,P0072,2026-09-03 05:19:00,100.00,GW-000089,95,GT900089,GW-000089,2026-09-03 06:09:00,100.00,3.00,97.00,SETTLED,3.00,"OK: matched, amount and fee correct",0.00,OK
D000090,P0035,2026-09-03 06:01:45,100.00,GW-000090,96,GT900090,GW-000090,2026-09-03 06:20:45,100.00,3.00,97.00,SETTLED,3.00,"OK: matched, amount and fee correct",0.00,OK
D000091,P0082,2026-09-03 06:10:40,2000.00,GW-000091,97,GT900091,GW-000091,2026-09-03 06:36:40,2000.00,41.00,1959.00,SETTLED,41.00,"OK: matched, amount and fee correct",0.00,OK
D000092,P0003,2026-09-03 06:31:32,1000.00,GW-000092,98,GT900092,GW-000092,2026-09-03 07:07:32,1000.00,21.00,979.00,SETTLED,21.00,"OK: matched, amount and fee correct",0.00,OK
D000093,P0087,2026-09-03 06:54:47,500.00,GW-000093,99,GT900093,GW-000093,2026-09-03 07:21:47,500.00,11.00,489.00,SETTLED,11.00,"OK: matched, amount and fee correct",0.00,OK
D000094,P0013,2026-09-03 08:40:38,500.00,GW-000094,100,GT900094,GW-000094,2026-09-03 09:24:38,500.00,11.00,489.00,SETTLED,11.00,"OK: matched, amount and fee correct",0.00,OK
D000095,P0087,2026-09-03 08:56:30,5000.00,GW-000095,101,GT900095,GW-000095,2026-09-03 09:37:30,5000.00,101.00,4899.00,SETTLED,101.00,"OK: matched, amount and fee correct",0.00,OK
D000096,P0055,2026-09-03 09:17:31,150.00,GW-000096,102,GT900096,GW-000096,2026-09-03 09:40:31,150.00,4.00,146.00,SETTLED,4.00,"OK: matched, amount and fee correct",0.00,OK
D000097,P0008,2026-09-03 09:54:08,500.00,GW-000097,103,GT900097,GW-000097,2026-09-03 10:20:08,500.00,11.00,489.00,REVERSED,11.00,REVERSAL: gateway reversed/charged back after settlement,500.00,REVERSAL
D000098,P0002,2026-09-03 10:12:24,100.00,GW-000098,104,GT900098,GW-000098,2026-09-03 10:30:24,100.00,3.00,97.00,SETTLED,3.00,"OK: matched, amount and fee correct",0.00,OK
D000099,P0017,2026-09-03 10:59:29,250.00,GW-000099,105,GT900099,GW-000099,2026-09-03 11:21:29,250.00,6.00,244.00,SETTLED,6.00,"OK: matched, amount and fee correct",0.00,OK
D000100,P0061,2026-09-03 12:17:20,1500.00,GW-000100,106,GT900100,GW-000100,2026-09-03 12:48:20,1500.00,31.00,1469.00,SETTLED,31.00,"OK: matched, amount and fee correct",0.00,OK
D000101,P0002,2026-09-03 13:13:56,500.00,GW-000101,107,GT900101,GW-000101,2026-09-03 13:16:56,500.00,11.00,489.00,SETTLED,11.00,"OK: matched, amount and fee correct",0.00,OK
D000102,P0082,2026-09-03 14:25:42,200.00,GW-000102,109,GT900102,GW000102,2026-09-03 14:33:42,200.00,5.00,195.00,SETTLED,5.00,"OK: matched, amount and fee correct",0.00,OK
D000103,P0042,2026-09-03 14:27:31,250.00,GW-000103,108,GT900103,GW-000103,2026-09-03 14:29:31,250.00,6.00,244.00,SETTLED,6.00,"OK: matched, amount and fee correct",0.00,OK
D000104,P0059,2026-09-03 15:04:21,150.00,GW-000104,110,GT900104,GW-000104,2026-09-03 15:37:21,150.00,4.00,146.00,SETTLED,4.00,"OK: matched, amount and fee correct",0.00,OK
D000105,P0080,2026-09-03 15:42:28,250.00,GW-000105,111,GT900105,GW-000105,2026-09-03 16:23:28,250.00,6.00,244.00,SETTLED,6.00,"OK: matched, amount and fee correct",0.00,OK
D000106,P0011,2026-09-03 16:55:56,500.00,GW-000106,112,GT900106,GW-000106,2026-09-03 17:31:56,500.00,11.00,489.00,SETTLED,11.00,"OK: matched, amount and fee correct",0.00,OK
D000107,P0069,2026-09-03 17:02:10,150.00,GW-000107,114,GT900107,GW-000107,2026-09-03 17:52:10,150.00,4.00,146.00,SETTLED,4.00,"OK: matched, amount and fee correct",0.00,OK
D000108,P0013,2026-09-03 17:23:51,20.00,GW-000108,113,GT900108,GW-000108,2026-09-03 17:33:51,20.00,1.40,18.60,SETTLED,1.40,"OK: matched, amount and fee correct",0.00,OK
D000109,P0029,2026-09-03 18:40:47,500.00,GW-000109,115,GT900109,GW-000109,2026-09-03 19:10:47,500.00,11.00,489.00,SETTLED,11.00,"OK: matched, amount and fee correct",0.00,OK
D000110,P0078,2026-09-03 19:22:52,150.00,GW-000110,117,GT900110,GW-000110,2026-09-03 20:06:52,150.00,4.00,146.00,SETTLED,4.00,"OK: matched, amount and fee correct",0.00,OK
D000111,P0040,2026-09-03 19:57:40,100.00,GW-000111,116,GT900111,GW-000111,2026-09-03 20:03:40,100.00,3.00,97.00,SETTLED,3.00,"OK: matched, amount and fee correct",0.00,OK
D000112,P0067,2026-09-03 20:30:51,1500.00,GW-000112,118,GT900112,GW-000112,2026-09-03 21:14:51,1500.00,31.00,1469.00,SETTLED,31.00,"OK: matched, amount and fee correct",0.00,OK
D000113,P0014,2026-09-03 21:53:09,100.00,GW-000113,119,GT900113,GW-000113,2026-09-03 21:55:09,100.00,3.00,97.00,SETTLED,3.00,"OK: matched, amount and fee correct",0.00,OK
D000114,P0054,2026-09-04 00:11:16,250.00,GW-000114,120,GT900114,GW-000114,2026-09-04 00:14:16,250.00,6.00,244.00,SETTLED,6.00,"OK: matched, amount and fee correct",0.00,OK
D000115,P0071,2026-09-04 01:06:39,100.00,GW-000115,121,GT900115,GW-000115,2026-09-04 01:53:39,100.00,3.00,97.00,SETTLED,3.00,"OK: matched, amount and fee correct",0.00,OK
D000116,P0061,2026-09-04 01:15:30,200.00,GW-000116,122,GT900116,GW-000116,2026-09-04 01:58:30,250.00,6.00,244.00,SETTLED,6.00,BREAK: settled gross amount differs from internal amount,-50.00,BREAK
D000117,P0044,2026-09-04 02:36:05,500.00,GW-000117,123,GT900117,GW-000117,2026-09-04 02:59:05,500.00,11.00,489.00,SETTLED,11.00,"OK: matched, amount and fee correct",0.00,OK
D000118,P0078,2026-09-04 02:52:08,500.00,GW-000118,124,GT900118,GW-000118,2026-09-04 03:23:08,500.00,11.00,489.00,SETTLED,11.00,"OK: matched, amount and fee correct",0.00,OK
D000119,P0063,2026-09-04 03:20:07,250.00,GW-000119,125,GT900119,GW-000119,2026-09-04 03:41:07,250.00,6.00,244.00,SETTLED,6.00,"OK: matched, amount and fee correct",0.00,OK
D000120,P0005,2026-09-04 03:23:24,250.00,GW-000120,127,GT900120,GW-000120,2026-09-04 04:05:24,250.00,6.00,244.00,SETTLED,6.00,"OK: matched, amount and fee correct",0.00,OK
D000121,P0018,2026-09-04 03:45:45,5000.00,GW-000121,126,GT900121,GW-000121,2026-09-04 03:47:45,5000.00,101.00,4899.00,SETTLED,101.00,"OK: matched, amount and fee correct",0.00,OK
D000122,P0047,2026-09-04 03:58:49,5000.00,GW-000122,128,GT900122,GW-000122,2026-09-04 04:15:49,5000.00,101.00,4899.00,SETTLED,101.00,"OK: matched, amount and fee correct",0.00,OK
D000123,P0026,2026-09-04 04:44:00,2000.00,GW-000123,129,GT900123,GW-000123,2026-09-04 05:08:00,2000.00,41.00,1959.00,SETTLED,41.00,"OK: matched, amount and fee correct",0.00,OK
D000124,P0066,2026-09-04 04:48:42,250.00,GW-000124,130,GT900124,GW-000124,2026-09-04 05:35:42,250.00,6.00,244.00,REVERSED,6.00,REVERSAL: gateway reversed/charged back after settlement,250.00,REVERSAL
D000125,P0039,2026-09-04 05:36:49,1000.00,GW-000125,,,,,,,,,,"BREAK: deposit SUCCESS, no gateway settlement found",1000.00,BREAK
D000126,P0053,2026-09-04 06:05:23,50.00,GW-000126,131,GT900126,GW-000126,2026-09-04 06:10:23,50.00,2.00,48.00,SETTLED,2.00,"OK: matched, amount and fee correct",0.00,OK
D000127,P0062,2026-09-04 06:13:00,300.00,GW-000127,132,GT900127,GW-000127,2026-09-04 06:53:00,300.00,7.00,293.00,SETTLED,7.00,"OK: matched, amount and fee correct",0.00,OK
D000128,P0066,2026-09-04 06:21:44,50.00,GW-000128,133,GT900128,GW-000128,2026-09-04 06:55:44,50.00,2.00,48.00,SETTLED,2.00,"OK: matched, amount and fee correct",0.00,OK
D000129,P0063,2026-09-04 07:27:38,500.00,GW-000129,134,GT900129,GW-000129,2026-09-04 07:48:38,500.00,11.00,489.00,SETTLED,11.00,"OK: matched, amount and fee correct",0.00,OK
D000130,P0047,2026-09-04 07:45:34,500.00,GW-000130,135,GT900130,GW-000130,2026-09-04 07:57:34,500.00,11.00,489.00,SETTLED,11.00,"OK: matched, amount and fee correct",0.00,OK
D000131,P0072,2026-09-04 08:37:11,50.00,GW-000131,136,GT900131,GW-000131,2026-09-04 08:49:11,50.00,2.00,48.00,SETTLED,2.00,"OK: matched, amount and fee correct",0.00,OK
D000132,P0068,2026-09-04 09:41:36,250.00,GW-000132,137,GT900132,GW-000132,2026-09-04 10:15:36,250.00,6.00,244.00,SETTLED,6.00,"OK: matched, amount and fee correct",0.00,OK
D000133,P0081,2026-09-04 11:39:53,1000.00,GW-000133,138,GT900133,GW-000133,2026-09-04 11:46:53,1000.00,21.00,977.00,SETTLED,21.00,BREAK: net amount is not gross minus fee,2.00,BREAK
D000134,P0004,2026-09-04 11:46:12,150.00,GW-000134,140,GT900134,GW-000134,2026-09-04 12:16:12,150.00,4.75,145.25,SETTLED,4.00,BREAK: settled fee differs from contracted fee,0.75,BREAK
D000135,P0027,2026-09-04 11:47:24,200.00,GW-000135,139,GT900135,GW-000135,2026-09-04 12:15:24,200.00,5.00,195.00,SETTLED,5.00,"OK: matched, amount and fee correct",0.00,OK
D000136,P0066,2026-09-04 12:29:19,100.00,GW-000136,141,GT900136,GW-000136,2026-09-04 12:43:19,100.00,3.00,97.00,SETTLED,3.00,"OK: matched, amount and fee correct",0.00,OK
D000137,P0063,2026-09-04 12:40:00,250.00,GW-000137,142,GT900137,GW-000137,2026-09-04 12:49:00,250.00,6.00,244.00,SETTLED,6.00,"OK: matched, amount and fee correct",0.00,OK
D000138,P0047,2026-09-04 12:46:13,500.00,GW-000138,143,GT900138,GW-000138,2026-09-04 13:28:13,500.00,11.00,489.00,SETTLED,11.00,"OK: matched, amount and fee correct",0.00,OK
D000139,P0069,2026-09-04 13:05:11,1000.00,GW-000139,144,GT900139,GW-000139,2026-09-04 13:45:11,1000.00,21.00,979.00,SETTLED,21.00,"OK: matched, amount and fee correct",0.00,OK
D000140,P0020,2026-09-04 13:44:33,150.00,GW-000140,146,GT900140,GW-000140,2026-09-04 14:23:33,150.00,4.00,146.00,SETTLED,4.00,BREAK: duplicate internal SUCCESS deposit for one settlement (double-credit risk),0.00,BREAK
D000141,P0019,2026-09-04 13:50:15,100.00,GW-000141,145,GT900141,GW-000141,2026-09-04 13:59:15,100.00,3.00,97.00,SETTLED,3.00,"OK: matched, amount and fee correct",0.00,OK
D000142,P0086,2026-09-04 16:27:02,50.00,GW-000142,147,GT900142,GW-000142,2026-09-04 16:30:02,50.00,2.00,48.00,SETTLED,2.00,"OK: matched, amount and fee correct",0.00,OK
D000143,P0039,2026-09-04 16:48:40,250.00,GW-000143,148,GT900143,GW-000143,2026-09-04 17:00:40,250.00,6.00,244.00,SETTLED,6.00,"OK: matched, amount and fee correct",0.00,OK
D000144,P0035,2026-09-04 17:07:48,100.00,GW-000144,149,GT900144,GW-000144,2026-09-04 17:42:48,100.00,3.00,97.00,SETTLED,3.00,"OK: matched, amount and fee correct",0.00,OK
D000145,P0017,2026-09-04 17:36:10,500.00,GW-000145,150,GT900145,GW-000145,2026-09-04 18:06:10,500.00,11.00,489.00,SETTLED,11.00,"OK: matched, amount and fee correct",0.00,OK
D000146,P0024,2026-09-04 18:00:08,100.00,GW-000146,151,GT900146,GW-000146,2026-09-04 18:45:08,100.00,3.00,97.00,SETTLED,3.00,"OK: matched, amount and fee correct",0.00,OK
D000147,P0024,2026-09-04 18:16:13,50.00,GW-000147,152,GT900147,GW-000147,2026-09-04 19:00:13,50.00,2.00,48.00,SETTLED,2.00,"OK: matched, amount and fee correct",0.00,OK
D000148,P0053,2026-09-04 19:17:48,100.00,GW-000148,155,GT900148,GW-000148,2026-09-04 19:59:48,100.00,3.00,97.00,SETTLED,3.00,"OK: matched, amount and fee correct",0.00,OK
D000149,P0070,2026-09-04 19:19:41,5000.00,GW-000149,153,GT900149,GW-000149,2026-09-04 19:21:41,5000.00,101.00,4899.00,SETTLED,101.00,"OK: matched, amount and fee correct",0.00,OK
D000150,P0029,2026-09-04 19:31:37,300.00,GW-000150,156,GT900150,GW-000150,2026-09-04 20:04:37,300.00,7.00,293.00,SETTLED,7.00,"OK: matched, amount and fee correct",0.00,OK
D000151,P0070,2026-09-04 19:38:03,500.00,GW-000151,154,GT900151,GW-000151,2026-09-04 19:44:03,500.00,11.00,489.00,SETTLED,11.00,"OK: matched, amount and fee correct",0.00,OK
D000152,P0088,2026-09-04 19:44:34,2000.00,GW-000152,159,GT900152,GW-000152,2026-09-04 20:32:34,2000.00,41.00,1959.00,SETTLED,41.00,"OK: matched, amount and fee correct",0.00,OK
D000153,P0020,2026-09-04 20:03:36,1500.00,GW-000153,158,GT900153,GW-000153,2026-09-04 20:24:36,1500.00,31.00,1469.00,SETTLED,31.00,"OK: matched, amount and fee correct",0.00,OK
D000154,P0066,2026-09-04 20:13:59,100.00,GW-000154,157,GT900154,GW-000154,2026-09-04 20:16:59,100.00,3.00,97.00,SETTLED,3.00,"OK: matched, amount and fee correct",0.00,OK
D000155,P0001,2026-09-04 21:03:23,5000.00,GW-000155,160,GT900155,GW-000155,2026-09-04 21:07:23,5000.00,101.00,4899.00,SETTLED,101.00,"OK: matched, amount and fee correct",0.00,OK
D000156,P0046,2026-09-04 22:53:34,100.00,GW-000156,162,GT900156,GW-000156,2026-09-04 23:31:34,100.00,3.00,97.00,SETTLED,3.00,"OK: matched, amount and fee correct",0.00,OK
D000157,P0043,2026-09-04 22:58:00,250.00,GW-000157,163,GT900157,GW-000157,2026-09-04 23:47:00,250.00,6.00,244.00,SETTLED,6.00,"OK: matched, amount and fee correct",0.00,OK
D000158,P0021,2026-09-04 23:28:01,20.00,GW-000158,164,GT900158,GW-000158,2026-09-05 00:01:01,20.00,1.40,18.60,SETTLED,1.40,"OK: matched, amount and fee correct",0.00,OK
D000159,P0012,2026-09-05 00:14:53,150.00,GW-000159,165,GT900159,GW-000159,2026-09-05 00:42:53,150.00,4.00,146.00,SETTLED,4.00,"OK: matched, amount and fee correct",0.00,OK
D000160,P0026,2026-09-05 01:59:20,1500.00,GW-000160,166,GT900160,GW-000160,2026-09-05 02:10:20,1500.00,31.00,1469.00,SETTLED,31.00,"OK: matched, amount and fee correct",0.00,OK
D000161,P0029,2026-09-05 03:08:49,200.00,GW-000161,167,GT900161,GW-000161,2026-09-05 03:51:49,200.00,5.00,195.00,SETTLED,5.00,"OK: matched, amount and fee correct",0.00,OK
D000162,P0028,2026-09-05 04:12:59,5000.00,GW-000162,168,GT900162,GW-000162,2026-09-05 04:36:59,5000.00,101.00,4899.00,SETTLED,101.00,"OK: matched, amount and fee correct",0.00,OK
D000163,P0069,2026-09-05 05:04:34,100.00,GW-000163,169,GT900163,GW-000163,2026-09-05 05:32:34,100.00,3.00,97.00,SETTLED,3.00,"OK: matched, amount and fee correct",0.00,OK
D000164,P0059,2026-09-05 05:15:45,1500.00,GW-000164,180,GT900164,GW-000164,2026-09-05 10:39:45,1500.00,31.00,1469.00,SETTLED,31.00,BREAK: duplicate gateway settlement for one reference (double-credit risk),0.00,BREAK
D000164,P0059,2026-09-05 05:15:45,1500.00,GW-000164,170,GT900164,GW-000164,2026-09-05 05:39:45,1500.00,31.00,1469.00,SETTLED,31.00,BREAK: duplicate gateway settlement for one reference (double-credit risk),0.00,BREAK
D000165,P0040,2026-09-05 06:02:03,150.00,GW-000165,171,GT900165,GW-000165,2026-09-05 06:43:03,150.00,4.00,146.00,SETTLED,4.00,"OK: matched, amount and fee correct",0.00,OK
D000166,P0072,2026-09-05 06:26:25,2000.00,GW-000166,173,GT900166,GW-000166,2026-09-05 07:05:25,2000.00,41.00,1959.00,SETTLED,41.00,"OK: matched, amount and fee correct",0.00,OK
D000167,P0012,2026-09-05 06:30:46,5000.00,GW-000167,172,GT900167,GW-000167,2026-09-05 06:44:46,5000.00,101.00,4899.00,SETTLED,101.00,"OK: matched, amount and fee correct",0.00,OK
D000168,P0015,2026-09-05 06:56:09,150.00,GW-000168,174,GT900168,GW-000168,2026-09-05 07:45:09,150.00,4.00,146.00,SETTLED,4.00,BREAK: duplicate internal SUCCESS deposit for one settlement (double-credit risk),0.00,BREAK
D000169,P0046,2026-09-05 07:45:58,50.00,GW-000169,177,GT900169,GW-000169,2026-09-05 08:31:58,50.00,2.00,48.00,SETTLED,2.00,"OK: matched, amount and fee correct",0.00,OK
D000170,P0015,2026-09-05 07:52:40,100.00,GW-000170,175,GT900170,GW-000170,2026-09-05 08:04:40,100.00,3.00,97.00,SETTLED,3.00,"OK: matched, amount and fee correct",0.00,OK
D000171,P0083,2026-09-05 08:03:24,150.00,GW-000171,176,GT900171,GW-000171,2026-09-05 08:31:24,150.00,4.00,146.00,SETTLED,4.00,"OK: matched, amount and fee correct",0.00,OK
D000172,P0055,2026-09-05 08:50:20,150.00,GW-000172,178,GT900172,GW-000172,2026-09-05 08:52:20,150.00,4.00,146.00,SETTLED,4.00,"OK: matched, amount and fee correct",0.00,OK
D000173,P0083,2026-09-05 09:53:21,100.00,GW-000173,179,GT900173,GW-000173,2026-09-05 10:34:21,100.00,3.00,97.00,SETTLED,3.00,"OK: matched, amount and fee correct",0.00,OK
D000174,P0037,2026-09-05 11:26:01,250.00,GW-000174,182,GT900174,GW-000174,2026-09-05 12:14:01,250.00,6.00,244.00,SETTLED,6.00,"OK: matched, amount and fee correct",0.00,OK
D000175,P0051,2026-09-05 11:48:28,500.00,GW-000175,181,GT900175,GW-000175,2026-09-05 11:49:28,500.00,11.00,489.00,SETTLED,11.00,"OK: matched, amount and fee correct",0.00,OK
D000176,P0067,2026-09-05 13:31:11,5000.00,GW-000176,183,GT900176,GW-000176,2026-09-05 14:01:11,5000.00,101.00,4899.00,SETTLED,101.00,"OK: matched, amount and fee correct",0.00,OK
D000177,P0046,2026-09-05 13:37:05,250.00,GW-000177,184,GT900177,GW-000177,2026-09-05 14:09:05,250.00,6.00,244.00,SETTLED,6.00,"OK: matched, amount and fee correct",0.00,OK
D000178,P0014,2026-09-05 15:36:38,100.00,GW-000178,185,GT900178,GW-000178,2026-09-05 15:46:38,100.00,3.00,97.00,SETTLED,3.00,"OK: matched, amount and fee correct",0.00,OK
D000179,P0046,2026-09-05 17:24:20,200.00,GW-000179,186,GT900179,GW-000179,2026-09-05 17:54:20,200.00,5.00,195.00,SETTLED,5.00,"OK: matched, amount and fee correct",0.00,OK
D000180,P0078,2026-09-05 17:35:14,1000.00,GW-000180,187,GT900180,GW-000180,2026-09-05 18:16:14,1000.00,21.00,979.00,SETTLED,21.00,"OK: matched, amount and fee correct",0.00,OK
D000181,P0090,2026-09-05 17:42:51,50.00,GW-000181,188,GT900181,GW-000181,2026-09-05 18:25:51,50.00,2.00,48.00,SETTLED,2.00,"OK: matched, amount and fee correct",0.00,OK
D000182,P0033,2026-09-05 19:41:52,500.00,GW-000182,,,,,,,,,,"BREAK: deposit SUCCESS, no gateway settlement found",500.00,BREAK
D000183,P0060,2026-09-05 19:58:08,50.00,GW-000183,189,GT900183,GW-000183,2026-09-05 20:28:08,50.00,2.00,48.00,SETTLED,2.00,"OK: matched, amount and fee correct",0.00,OK
D000184,P0070,2026-09-05 20:09:04,500.00,GW-000184,191,GT900184,GW-000184,2026-09-05 20:43:04,500.00,11.00,489.00,SETTLED,11.00,"OK: matched, amount and fee correct",0.00,OK
D000185,P0036,2026-09-05 20:15:46,100.00,GW-000185,190,GT900185,GW-000185,2026-09-05 20:34:46,100.00,3.00,97.00,SETTLED,3.00,"OK: matched, amount and fee correct",0.00,OK
D000186,P0011,2026-09-05 21:04:33,50.00,GW-000186,193,GT900186,GW-000186,2026-09-05 21:42:33,50.00,2.00,48.00,SETTLED,2.00,"OK: matched, amount and fee correct",0.00,OK
D000187,P0009,2026-09-05 21:06:51,50.00,GW-000187,192,GT900187,GW-000187,2026-09-05 21:40:51,50.00,2.00,48.00,SETTLED,2.00,"OK: matched, amount and fee correct",0.00,OK
D000188,P0073,2026-09-05 21:43:44,2000.00,GW-000188,194,GT900188,GW-000188,2026-09-05 21:50:44,2000.00,41.00,1959.00,SETTLED,41.00,"OK: matched, amount and fee correct",0.00,OK
D000189,P0083,2026-09-05 22:50:21,1000.00,GW-000189,195,GT900189,GW-000189,2026-09-05 23:27:21,1000.00,21.00,979.00,SETTLED,21.00,"OK: matched, amount and fee correct",0.00,OK
D000190,P0079,2026-09-05 23:48:10,2000.00,GW-000190,198,GT900190,GW-000190,2026-09-06 00:19:10,2000.00,41.00,1959.00,SETTLED,41.00,"OK: matched, amount and fee correct",0.00,OK
D000191,P0020,2026-09-05 23:53:58,20.00,GW-000191,197,GT900191,GW-000191,2026-09-06 00:14:58,20.00,1.40,18.60,SETTLED,1.40,"OK: matched, amount and fee correct",0.00,OK
D000192,P0004,2026-09-06 00:00:54,100.00,GW-000192,196,GT900192,GW-000192,2026-09-06 00:07:54,100.00,3.00,97.00,SETTLED,3.00,"OK: matched, amount and fee correct",0.00,OK
D000193,P0012,2026-09-06 00:36:41,1000.00,GW-000193,200,GT900193,GW-000193,2026-09-06 00:47:41,1000.00,21.00,979.00,SETTLED,21.00,"OK: matched, amount and fee correct",0.00,OK
D000194,P0003,2026-09-06 00:44:24,250.00,GW-000194,199,GT900194,GW-000194,2026-09-06 00:47:24,250.00,6.00,244.00,SETTLED,6.00,"OK: matched, amount and fee correct",0.00,OK
D000195,P0078,2026-09-06 01:05:32,50.00,GW-000195,201,GT900195,GW-000195,2026-09-06 01:39:32,50.00,2.00,48.00,SETTLED,2.00,"OK: matched, amount and fee correct",0.00,OK
D000196,P0043,2026-09-06 01:41:12,100.00,GW-000196,202,GT900196,gw-000196 ,2026-09-06 02:27:12,100.00,3.00,97.00,SETTLED,3.00,"OK: matched, amount and fee correct",0.00,OK
D000197,P0040,2026-09-06 02:19:26,100.00,GW-000197,204,GT900197,GW-000197,2026-09-06 02:50:26,100.00,3.00,97.00,SETTLED,3.00,"OK: matched, amount and fee correct",0.00,OK
D000198,P0042,2026-09-06 02:30:46,200.00,GW-000198,206,GT900198,GW-000198,2026-09-06 03:16:46,200.00,5.00,195.00,SETTLED,5.00,"OK: matched, amount and fee correct",0.00,OK
D000199,P0089,2026-09-06 02:58:47,2000.00,GW-000199,205,GT900199,GW-000199,2026-09-06 03:14:47,2000.00,41.00,1959.00,SETTLED,41.00,"OK: matched, amount and fee correct",0.00,OK
D000200,P0031,2026-09-06 03:53:36,1000.00,GW-000200,208,GT900200,GW-000200,2026-09-06 04:26:36,1000.00,21.00,979.00,SETTLED,21.00,"OK: matched, amount and fee correct",0.00,OK
D000201,P0054,2026-09-06 03:55:09,500.00,GW-000201,207,GT900201,GW-000201,2026-09-06 03:58:09,500.00,11.00,489.00,SETTLED,11.00,"OK: matched, amount and fee correct",0.00,OK
D000202,P0032,2026-09-06 04:00:59,5000.00,GW-000202,209,GT900202,GW-000202,2026-09-06 04:39:59,5000.00,101.00,4899.00,SETTLED,101.00,"OK: matched, amount and fee correct",0.00,OK
D000203,P0057,2026-09-06 05:04:28,100.00,GW-000203,210,GT900203,GW-000203,2026-09-06 05:17:28,100.00,3.00,97.00,SETTLED,3.00,"OK: matched, amount and fee correct",0.00,OK
D000204,P0076,2026-09-06 06:08:23,100.00,GW-000204,211,GT900204,GW-000204,2026-09-06 06:39:23,100.00,3.00,97.00,SETTLED,3.00,"OK: matched, amount and fee correct",0.00,OK
D000205,P0062,2026-09-06 06:17:50,1000.00,GW-000205,213,GT900205,GW-000205,2026-09-06 06:51:50,1000.00,21.00,979.00,SETTLED,21.00,"OK: matched, amount and fee correct",0.00,OK
D000206,P0064,2026-09-06 06:28:42,20.00,GW-000206,212,GT900206,GW-000206,2026-09-06 06:42:42,20.00,1.40,18.60,SETTLED,1.40,"OK: matched, amount and fee correct",0.00,OK
D000207,P0005,2026-09-06 07:00:34,1000.00,GW-000207,214,GT900207,GW-000207,2026-09-06 07:34:34,1000.00,21.00,979.00,SETTLED,21.00,"OK: matched, amount and fee correct",0.00,OK
D000208,P0018,2026-09-06 07:42:29,2000.00,GW-000208,215,GT900208,GW-000208,2026-09-06 08:01:29,1999.99,41.00,1958.99,SETTLED,41.00,NOT A PROBLEM: rounding difference <= 1 cent,0.01,NOT A PROBLEM
D000209,P0067,2026-09-06 08:28:41,200.00,GW-000209,216,GT900209,GW-000209,2026-09-06 08:49:41,200.00,5.00,195.00,SETTLED,5.00,"OK: matched, amount and fee correct",0.00,OK
D000210,P0056,2026-09-06 09:29:38,250.00,GW-000210,217,GT900210,GW-000210,2026-09-06 10:17:38,250.00,6.00,244.00,SETTLED,6.00,"OK: matched, amount and fee correct",0.00,OK
D000211,P0046,2026-09-06 10:53:44,20.00,GW-000211,219,GT900211,GW-000211,2026-09-06 11:32:44,20.00,1.40,18.60,SETTLED,1.40,"OK: matched, amount and fee correct",0.00,OK
D000212,P0068,2026-09-06 10:58:17,100.00,GW-000212,218,GT900212,GW-000212,2026-09-06 11:06:17,100.00,3.00,97.00,SETTLED,3.00,"OK: matched, amount and fee correct",0.00,OK
D000213,P0028,2026-09-06 11:06:46,500.00,GW-000213,222,GT900213,GW-000213,2026-09-06 11:44:46,500.00,11.00,489.00,SETTLED,11.00,"OK: matched, amount and fee correct",0.00,OK
D000214,P0071,2026-09-06 11:25:49,50.00,GW-000214,220,GT900214,GW-000214,2026-09-06 11:36:49,50.00,2.00,48.00,SETTLED,2.00,"OK: matched, amount and fee correct",0.00,OK
D000215,P0052,2026-09-06 11:36:08,2000.00,GW-000215,221,GT900215,GW-000215,2026-09-06 11:44:08,2000.00,41.00,1959.00,SETTLED,41.00,"OK: matched, amount and fee correct",0.00,OK
D000216,P0054,2026-09-06 11:55:21,100.00,GW-000216,223,GT900216,GW-000216,2026-09-06 12:21:21,100.00,3.00,97.00,SETTLED,3.00,"OK: matched, amount and fee correct",0.00,OK
D000217,P0032,2026-09-06 12:16:12,20.00,GW-000217,224,GT900217,GW-000217,2026-09-06 12:29:12,20.00,1.40,18.60,SETTLED,1.40,"OK: matched, amount and fee correct",0.00,OK
D000218,P0034,2026-09-06 12:49:57,50.00,GW-000218,,,,,,,,,,"BREAK: deposit SUCCESS, no gateway settlement found",50.00,BREAK
D000219,P0068,2026-09-06 13:03:05,100.00,GW-000219,225,GT900219,GW-000219,2026-09-06 13:21:05,100.00,3.50,96.50,SETTLED,3.00,BREAK: settled fee differs from contracted fee,0.50,BREAK
D000220,P0011,2026-09-06 13:14:28,500.00,GW-000220,226,GT900220,GW-000220,2026-09-06 13:31:28,500.00,11.00,489.00,SETTLED,11.00,"OK: matched, amount and fee correct",0.00,OK
D000221,P0005,2026-09-06 13:18:06,100.00,GW-000221,227,GT900221,GW-000221,2026-09-06 13:32:06,100.00,3.00,97.00,SETTLED,3.00,"OK: matched, amount and fee correct",0.00,OK
D000222,P0058,2026-09-06 13:28:06,100.00,GW-000222,228,GT900222,GW-000222,2026-09-06 14:04:06,100.00,3.00,97.00,SETTLED,3.00,"OK: matched, amount and fee correct",0.00,OK
D000223,P0046,2026-09-06 13:38:24,50.00,GW-000223,239,GT900223,GW-000223,2026-09-06 19:23:24,50.00,2.00,48.00,SETTLED,2.00,BREAK: duplicate gateway settlement for one reference (double-credit risk),0.00,BREAK
D000223,P0046,2026-09-06 13:38:24,50.00,GW-000223,229,GT900223,GW-000223,2026-09-06 14:23:24,50.00,2.00,48.00,SETTLED,2.00,BREAK: duplicate gateway settlement for one reference (double-credit risk),0.00,BREAK
D000224,P0066,2026-09-06 14:17:49,2000.00,GW-000224,230,GT900224,GW-000224,2026-09-06 14:58:49,2000.00,41.00,1959.00,SETTLED,41.00,"OK: matched, amount and fee correct",0.00,OK
D000225,P0025,2026-09-06 15:07:30,50.00,GW-000225,231,GT900225,GW-000225,2026-09-06 15:49:30,50.00,2.00,48.00,SETTLED,2.00,"OK: matched, amount and fee correct",0.00,OK
D000226,P0007,2026-09-06 15:54:07,5000.00,GW-000226,232,GT900226,GW-000226,2026-09-06 16:13:07,5000.00,101.00,4899.00,SETTLED,101.00,"OK: matched, amount and fee correct",0.00,OK
D000227,P0022,2026-09-06 15:55:24,50.00,GW-000227,234,GT900227,gw-000227,2026-09-06 16:37:24,50.00,2.00,48.00,SETTLED,2.00,"OK: matched, amount and fee correct",0.00,OK
D000228,P0036,2026-09-06 16:13:39,50.00,GW-000228,233,GT900228,GW-000228,2026-09-06 16:27:39,50.00,2.00,48.00,SETTLED,2.00,"OK: matched, amount and fee correct",0.00,OK
D000229,P0037,2026-09-06 16:43:27,20.00,GW-000229,236,GT900229,GW-000229,2026-09-06 17:23:27,20.00,1.40,18.60,SETTLED,1.40,"OK: matched, amount and fee correct",0.00,OK
D000230,P0061,2026-09-06 16:54:33,50.00,GW-000230,235,GT900230,GW-000230,2026-09-06 17:11:33,50.00,2.00,48.00,SETTLED,2.00,"OK: matched, amount and fee correct",0.00,OK
D000231,P0090,2026-09-06 17:45:59,50.00,GW-000231,237,GT900231,GW-000231,2026-09-06 18:32:59,50.00,2.00,48.00,SETTLED,2.00,"OK: matched, amount and fee correct",0.00,OK
D000232,P0071,2026-09-06 18:39:07,100.00,GW-000232,238,GT900232,GW-000232,2026-09-06 19:20:07,100.00,3.00,97.00,SETTLED,3.00,"OK: matched, amount and fee correct",0.00,OK
D000233,P0064,2026-09-06 19:29:15,200.00,GW-000233,240,GT900233,GW-000233,2026-09-06 19:33:15,200.00,5.00,195.00,SETTLED,5.00,"OK: matched, amount and fee correct",0.00,OK
D000234,P0030,2026-09-06 19:33:41,500.00,GW-000234,242,GT900234,GW-000234,2026-09-06 20:08:41,500.00,11.00,489.00,SETTLED,11.00,"OK: matched, amount and fee correct",0.00,OK
D000235,P0060,2026-09-06 19:34:27,1000.00,GW-000235,241,GT900235,GW-000235,2026-09-06 19:40:27,1000.00,21.00,979.00,SETTLED,21.00,"OK: matched, amount and fee correct",0.00,OK
D000236,P0005,2026-09-06 20:24:28,200.00,GW-000236,243,GT900236,GW-000236,2026-09-06 20:25:28,200.00,5.00,195.00,SETTLED,5.00,"OK: matched, amount and fee correct",0.00,OK
D000237,P0050,2026-09-06 20:25:32,1500.00,GW-000237,244,GT900237,GW-000237,2026-09-06 21:01:32,1500.00,31.00,1469.00,SETTLED,31.00,"OK: matched, amount and fee correct",0.00,OK
D000238,P0057,2026-09-06 20:55:43,50.00,GW-000238,245,GT900238,GW-000238,2026-09-06 21:39:43,50.00,2.00,48.00,SETTLED,2.00,"OK: matched, amount and fee correct",0.00,OK
D000239,P0022,2026-09-06 21:25:56,100.00,GW-000239,246,GT900239,GW-000239,2026-09-06 21:41:56,99.99,3.00,96.99,SETTLED,3.00,NOT A PROBLEM: rounding difference <= 1 cent,0.01,NOT A PROBLEM
D000240,P0072,2026-09-06 22:34:56,100.00,GW-000240,247,GT900240,GW-000240,2026-09-06 22:47:56,100.00,3.00,97.00,SETTLED,3.00,"OK: matched, amount and fee correct",0.00,OK
D000241,P0052,2026-09-06 22:48:22,500.00,GW-000241,249,GT900241,GW-000241,2026-09-06 23:06:22,500.00,11.00,489.00,SETTLED,11.00,"OK: matched, amount and fee correct",0.00,OK
D000242,P0060,2026-09-06 22:59:10,100.00,GW-000242,248,GT900242,GW-000242,2026-09-06 23:05:10,100.00,3.00,97.00,SETTLED,3.00,"OK: matched, amount and fee correct",0.00,OK
D000243,P0045,2026-09-06 23:01:23,20.00,GW-000243,250,GT900243,GW-000243,2026-09-06 23:06:23,20.00,1.40,18.60,SETTLED,1.40,"OK: matched, amount and fee correct",0.00,OK
D000244,P0073,2026-09-06 23:18:07,100.00,GW-000244,251,GT900244,GW-000244,2026-09-06 23:52:07,100.00,3.00,97.00,SETTLED,3.00,"OK: matched, amount and fee correct",0.00,OK
D000245,P0061,2026-09-07 00:48:27,200.00,GW-000245,255,GT900245,GW-000245,2026-09-07 01:33:27,200.00,5.00,195.00,SETTLED,5.00,"OK: matched, amount and fee correct",0.00,OK
D000246,P0088,2026-09-07 00:55:39,100.00,GW-000246,253,GT900246,GW-000246,2026-09-07 01:16:39,100.00,3.00,97.00,SETTLED,3.00,"OK: matched, amount and fee correct",0.00,OK
D000247,P0064,2026-09-07 00:56:13,100.00,GW-000247,254,GT900247,GW-000247,2026-09-07 01:32:13,100.00,3.00,97.00,SETTLED,3.00,"OK: matched, amount and fee correct",0.00,OK
D000248,P0018,2026-09-07 01:10:32,100.00,GW-000248,252,GT900248,GW-000248,2026-09-07 01:11:32,100.00,3.00,97.00,SETTLED,3.00,"OK: matched, amount and fee correct",0.00,OK
D000249,P0012,2026-09-07 01:11:08,1000.00,GW-000249,256,GT900249,GW-000249,2026-09-07 01:56:08,1000.00,21.00,979.00,SETTLED,21.00,"OK: matched, amount and fee correct",0.00,OK
D000250,P0081,2026-09-07 02:11:19,5000.00,GW-000250,257,GT900250,GW-000250,2026-09-07 02:38:19,5000.00,101.00,4899.00,SETTLED,101.00,"OK: matched, amount and fee correct",0.00,OK
D000251,P0066,2026-09-07 02:22:05,500.00,GW-000251,258,GT900251,GW-000251,2026-09-07 02:45:05,500.00,11.00,489.00,SETTLED,11.00,"OK: matched, amount and fee correct",0.00,OK
D000252,P0088,2026-09-07 03:00:38,50.00,GW-000252,259,GT900252,GW-000252,2026-09-07 03:38:38,50.00,2.00,48.00,SETTLED,2.00,"OK: matched, amount and fee correct",0.00,OK
D000253,P0084,2026-09-07 03:29:15,20.00,GW-000253,260,GT900253,GW-000253,2026-09-07 03:46:15,20.00,1.40,18.60,SETTLED,1.40,"OK: matched, amount and fee correct",0.00,OK
D000254,P0015,2026-09-07 03:33:56,200.00,GW-000254,261,GT900254,GW-000254,2026-09-07 03:58:56,200.00,5.00,195.00,SETTLED,5.00,"OK: matched, amount and fee correct",0.00,OK
D000255,P0039,2026-09-07 03:52:44,200.00,GW-000255,262,GT900255,GW-000255,2026-09-07 04:31:44,200.00,5.00,195.00,SETTLED,5.00,"OK: matched, amount and fee correct",0.00,OK
D000256,P0040,2026-09-07 04:39:40,100.00,GW-000256,264,GT900256,GW-000256,2026-09-07 05:27:40,100.00,3.00,97.00,SETTLED,3.00,"OK: matched, amount and fee correct",0.00,OK
D000257,P0004,2026-09-07 04:55:02,20.00,GW-000257,263,GT900257,GW-000257,2026-09-07 05:17:02,20.00,1.40,18.60,SETTLED,1.40,"OK: matched, amount and fee correct",0.00,OK
D000258,P0059,2026-09-07 05:04:45,100.00,GW-000258,265,GT900258,GW-000258,2026-09-07 05:42:45,100.00,3.00,97.00,SETTLED,3.00,"OK: matched, amount and fee correct",0.00,OK
D000259,P0032,2026-09-07 05:24:26,100.00,GW-000259,266,GT900259,GW-000259,2026-09-07 06:07:26,100.00,3.00,97.00,SETTLED,3.00,"OK: matched, amount and fee correct",0.00,OK
D000260,P0021,2026-09-07 05:35:35,5000.00,GW-000260,268,GT900260,GW-000260,2026-09-07 06:14:35,5000.00,101.00,4899.00,SETTLED,101.00,"OK: matched, amount and fee correct",0.00,OK
D000261,P0015,2026-09-07 06:03:18,5000.00,GW-000261,267,GT900261,GW-000261,2026-09-07 06:08:18,5000.00,101.00,4899.00,SETTLED,101.00,"OK: matched, amount and fee correct",0.00,OK
D000262,P0001,2026-09-07 06:32:39,100.00,GW-000262,269,GT900262,GW-000262,2026-09-07 07:12:39,100.00,3.00,97.00,SETTLED,3.00,"OK: matched, amount and fee correct",0.00,OK
D000263,P0019,2026-09-07 06:52:28,300.00,GW-000263,270,GT900263,GW-000263,2026-09-07 07:19:28,300.00,7.00,293.00,SETTLED,7.00,"OK: matched, amount and fee correct",0.00,OK
D000264,P0003,2026-09-07 07:16:02,250.00,GW-000264,271,GT900264,GW-000264,2026-09-07 07:45:02,250.00,6.00,244.00,SETTLED,6.00,"OK: matched, amount and fee correct",0.00,OK
D000265,P0020,2026-09-07 07:20:54,300.00,GW-000265,272,GT900265,GW-000265,2026-09-07 07:45:54,300.00,7.00,293.00,SETTLED,7.00,"OK: matched, amount and fee correct",0.00,OK
D000266,P0057,2026-09-07 07:28:11,20.00,GW-000266,273,GT900266,GW-000266,2026-09-07 08:06:11,20.00,1.40,18.60,SETTLED,1.40,"OK: matched, amount and fee correct",0.00,OK
D000267,P0013,2026-09-07 08:18:08,100.00,GW-000267,275,GT900267, GW-000267 ,2026-09-07 08:33:08,100.00,3.00,97.00,SETTLED,3.00,"OK: matched, amount and fee correct",0.00,OK
D000268,P0057,2026-09-07 08:23:52,500.00,GW-000268,274,GT900268,GW-000268,2026-09-07 08:28:52,500.00,11.00,489.00,SETTLED,11.00,"OK: matched, amount and fee correct",0.00,OK
D000269,P0036,2026-09-07 08:48:58,1000.00,GW-000269,,,,,,,,,,"BREAK: deposit SUCCESS, no gateway settlement found",1000.00,BREAK
D000270,P0039,2026-09-07 08:49:46,2000.00,GW-000270,276,GT900270,GW-000270,2026-09-07 09:06:46,2000.00,41.00,1959.00,SETTLED,41.00,"OK: matched, amount and fee correct",0.00,OK
D000271,P0080,2026-09-07 09:34:23,2000.00,GW-000271,277,GT900271,GW-000271,2026-09-07 10:01:23,2000.00,41.00,1959.00,SETTLED,41.00,"OK: matched, amount and fee correct",0.00,OK
D000272,P0038,2026-09-07 10:21:18,5000.00,GW-000272,278,GT900272,GW-000272,2026-09-07 10:42:18,5000.00,101.00,4899.00,SETTLED,101.00,"OK: matched, amount and fee correct",0.00,OK
D000273,P0014,2026-09-07 11:15:02,100.00,GW-000273,279,GT900273,GW-000273,2026-09-07 11:55:02,100.00,3.00,97.00,REVERSED,3.00,REVERSAL: gateway reversed/charged back after settlement,100.00,REVERSAL
D000274,P0027,2026-09-07 12:43:21,20.00,GW-000274,280,GT900274,GW-000274,2026-09-07 12:57:21,20.00,1.40,18.60,SETTLED,1.40,"OK: matched, amount and fee correct",0.00,OK
D000275,P0052,2026-09-07 12:48:51,300.00,GW-000275,281,GT900275,GW-000275,2026-09-07 13:03:51,300.00,8.50,291.50,SETTLED,7.00,BREAK: settled fee differs from contracted fee,1.50,BREAK
D000276,P0022,2026-09-07 14:40:29,500.00,GW-000276,282,GT900276,GW-000276,2026-09-07 14:47:29,500.00,11.00,489.00,SETTLED,11.00,"OK: matched, amount and fee correct",0.00,OK
D000277,P0050,2026-09-07 14:45:36,200.00,GW-000277,283,GT900277,GW-000277,2026-09-07 14:54:36,200.00,5.00,195.00,SETTLED,5.00,"OK: matched, amount and fee correct",0.00,OK
D000278,P0083,2026-09-07 14:55:36,500.00,GW-000278,285,GT900278,GW-000278,2026-09-07 15:30:36,500.00,11.00,489.00,SETTLED,11.00,"OK: matched, amount and fee correct",0.00,OK
D000279,P0027,2026-09-07 14:58:36,1000.00,GW-000279,286,GT900279,GW-000279,2026-09-07 15:38:36,1000.00,21.00,979.00,SETTLED,21.00,"OK: matched, amount and fee correct",0.00,OK
D000280,P0070,2026-09-07 15:09:52,300.00,GW-000280,288,GT900280,GW-000280,2026-09-07 15:44:52,300.00,7.00,293.00,SETTLED,7.00,"OK: matched, amount and fee correct",0.00,OK
D000281,P0089,2026-09-07 15:12:21,1000.00,GW-000281,284,GT900281,GW-000281,2026-09-07 15:29:21,1000.00,21.00,979.00,SETTLED,21.00,"OK: matched, amount and fee correct",0.00,OK
D000282,P0058,2026-09-07 15:25:42,500.00,GW-000282,287,GT900282,GW-000282,2026-09-07 15:41:42,500.00,11.00,489.00,SETTLED,11.00,"OK: matched, amount and fee correct",0.00,OK
D000283,P0066,2026-09-07 15:33:41,100.00,GW-000283,290,GT900283,GW-000283,2026-09-07 15:53:41,100.00,3.00,97.00,SETTLED,3.00,"OK: matched, amount and fee correct",0.00,OK
D000284,P0080,2026-09-07 15:39:35,50.00,GW-000284,289,GT900284,gw-000284,2026-09-07 15:52:35,50.00,2.00,48.00,SETTLED,2.00,"OK: matched, amount and fee correct",0.00,OK
D000285,P0022,2026-09-07 17:29:41,300.00,GW-000285,292,GT900285,GW-000285,2026-09-07 17:57:41,300.00,7.00,293.00,SETTLED,7.00,"OK: matched, amount and fee correct",0.00,OK
D000286,P0057,2026-09-07 17:52:09,100.00,GW-000286,293,GT900286,GW-000286,2026-09-07 18:17:09,100.00,3.00,97.00,SETTLED,3.00,"OK: matched, amount and fee correct",0.00,OK
D000287,P0088,2026-09-07 17:53:18,5000.00,GW-000287,291,GT900287,GW-000287,2026-09-07 17:57:18,5000.00,101.00,4899.00,SETTLED,101.00,"OK: matched, amount and fee correct",0.00,OK
D000288,P0005,2026-09-07 18:06:34,300.00,GW-000288,295,GT900288,GW-000288,2026-09-07 18:45:34,300.00,7.00,293.00,SETTLED,7.00,"OK: matched, amount and fee correct",0.00,OK
D000289,P0072,2026-09-07 18:22:09,500.00,GW-000289,294,GT900289,GW-000289,2026-09-07 18:42:09,500.00,11.00,487.00,SETTLED,11.00,BREAK: net amount is not gross minus fee,2.00,BREAK
D000290,P0029,2026-09-07 18:28:55,1500.00,GW-000290,296,GT900290,GW-000290,2026-09-07 19:13:55,1500.00,31.00,1469.00,SETTLED,31.00,"OK: matched, amount and fee correct",0.00,OK
D000291,P0086,2026-09-07 19:03:08,300.00,GW-000291,297,GT900291,GW-000291,2026-09-07 19:43:08,300.00,7.00,293.00,SETTLED,7.00,"OK: matched, amount and fee correct",0.00,OK
D000292,P0045,2026-09-07 19:27:18,500.00,GW-000292,299,GT900292,GW-000292,2026-09-07 20:16:18,500.00,11.00,489.00,SETTLED,11.00,"OK: matched, amount and fee correct",0.00,OK
D000293,P0068,2026-09-07 19:41:42,1000.00,GW-000293,298,GT900293,GW-000293,2026-09-07 19:56:42,1000.00,21.00,979.00,SETTLED,21.00,"OK: matched, amount and fee correct",0.00,OK
D000294,P0054,2026-09-07 19:56:11,20.00,GW-000294,300,GT900294,GW-000294,2026-09-07 20:30:11,20.00,1.40,18.60,SETTLED,1.40,"OK: matched, amount and fee correct",0.00,OK
D000295,P0050,2026-09-07 20:16:36,1500.00,GW-000295,301,GT900295,GW-000295,2026-09-07 20:56:36,1500.00,31.00,1469.00,SETTLED,31.00,"OK: matched, amount and fee correct",0.00,OK
D000296,P0032,2026-09-07 21:27:14,500.00,GW-000296,302,GT900296,GW-000296,2026-09-07 22:03:14,500.00,11.00,489.00,SETTLED,11.00,"OK: matched, amount and fee correct",0.00,OK
D000297,P0046,2026-09-07 21:58:35,1000.00,GW-000297,304,GT900297,GW-000297,2026-09-07 22:46:35,1000.00,21.00,979.00,SETTLED,21.00,"OK: matched, amount and fee correct",0.00,OK
D000298,P0014,2026-09-07 22:29:45,20.00,GW-000298,303,GT900298,GW-000298,2026-09-07 22:45:45,20.00,1.40,18.60,SETTLED,1.40,"OK: matched, amount and fee correct",0.00,OK
D000299,P0023,2026-09-07 22:42:13,150.00,GW-000299,306,GT900299,GW-000299,2026-09-07 23:14:13,150.00,4.00,146.00,SETTLED,4.00,"OK: matched, amount and fee correct",0.00,OK
D000300,P0061,2026-09-07 22:46:21,1000.00,GW-000300,305,GT900300,GW-000300,2026-09-07 22:57:21,1000.00,21.00,979.00,SETTLED,21.00,"OK: matched, amount and fee correct",0.00,OK
D000325,P0049,2026-09-02 04:09:58,1000.00,GW-000047,53,GT900047,GW-000047,2026-09-02 04:44:18,1000.00,21.00,979.00,SETTLED,21.00,BREAK: duplicate internal SUCCESS deposit for one settlement (double-credit risk),0.00,BREAK
D000326,P0020,2026-09-04 13:45:13,150.00,GW-000140,146,GT900140,GW-000140,2026-09-04 14:23:33,150.00,4.00,146.00,SETTLED,4.00,BREAK: duplicate internal SUCCESS deposit for one settlement (double-credit risk),0.00,BREAK
D000327,P0015,2026-09-05 06:56:49,150.00,GW-000168,174,GT900168,GW-000168,2026-09-05 07:45:09,150.00,4.00,146.00,SETTLED,4.00,BREAK: duplicate internal SUCCESS deposit for one settlement (double-credit risk),0.00,BREAK
D000328,P0038,2026-09-07 23:54:00,2000.00,GW-000328,,,,,,,,,,TIMING: settlement expected in next period (created near cut-off),2000.00,TIMING
D000329,P0034,2026-09-07 23:54:30,1500.00,GW-000329,,,,,,,,,,TIMING: settlement expected in next period (created near cut-off),1500.00,TIMING
D000330,P0076,2026-09-07 23:55:00,150.00,GW-000330,,,,,,,,,,TIMING: settlement expected in next period (created near cut-off),150.00,TIMING
,,,,GW-000331,1,GT900331,GW-000331,2026-09-01 00:04:00,2000.00,41.00,1959.00,SETTLED,41.00,TIMING: prior-period deposit settled at start of period,2000.00,TIMING
,,,,GW-000332,2,GT900332,GW-000332,2026-09-01 00:05:00,100.00,3.00,97.00,SETTLED,3.00,TIMING: prior-period deposit settled at start of period,100.00,TIMING
,,,,GW-000333,3,GT900333,GW-000333,2026-09-01 00:06:00,500.00,11.00,489.00,SETTLED,11.00,TIMING: prior-period deposit settled at start of period,500.00,TIMING
,,,,GW-000302,7,GT900302,GW-000302,2026-09-01 02:00:06,100.00,3.00,97.00,SETTLED,3.00,BREAK: unrecognised settlement (no internal record),100.00,BREAK
,,,,GW-000303,36,GT900303,GW-000303,2026-09-01 20:19:01,500.00,11.00,489.00,SETTLED,11.00,BREAK: unrecognised settlement (no internal record),500.00,BREAK
D000306,P0071,2026-09-02 08:43:23,150.00,GW-000306,62,GT900306,GW-000306,2026-09-02 08:52:23,150.00,4.00,146.00,SETTLED,4.00,"BREAK: payment confirmed, wallet not credited",150.00,BREAK
,,,,GW-000304,82,GT900304,GW-000304,2026-09-02 20:53:20,2000.00,41.00,1959.00,SETTLED,41.00,BREAK: unrecognised settlement (no internal record),2000.00,BREAK
,,,,GW-000301,161,GT900301,GW-000301,2026-09-04 22:33:18,300.00,7.00,293.00,SETTLED,7.00,BREAK: unrecognised settlement (no internal record),300.00,BREAK
D000305,P0083,2026-09-06 02:32:57,100.00,GW-000305,203,GT900305,GW-000305,2026-09-06 02:41:57,100.00,3.00,97.00,SETTLED,3.00,"BREAK: payment confirmed, wallet not credited",100.00,BREAK
