employee_id,payroll_status,monthly_salary_zar,currency,pay_period,last_updated
E1001,Payable,29900,ZAR,2026-09,2026-10-07
E1002,Payable,31900,ZAR,2026-09,2026-10-07
E1003,Payable,33800,ZAR,2026-09,2026-10-07
E1004,Payable,35700,ZAR,2026-09,2026-10-07
E1005,Payable,37700,ZAR,2026-09,2026-10-07
E1006,Payable,39600,ZAR,2026-09,2026-10-07
E1007,Payable,41600,ZAR,2026-09,2026-10-07
E1008,Payable,43500,ZAR,2026-09,2026-10-07
E1009,Payable,45400,ZAR,2026-09,2026-10-07
E1010,Payable,47400,ZAR,2026-09,2026-10-07
E1011,Payable,49300,ZAR,2026-09,2026-10-07
E1012,Stopped,51200,ZAR,2026-09,2026-10-07
E1013,Payable,53200,ZAR,2026-09,2026-10-07
E1014,Payable,55100,ZAR,2026-09,2026-10-07
E1015,Payable,57100,ZAR,2026-09,2026-10-07
E1016,Payable,59000,ZAR,2026-09,2026-10-07
E1017,Payable,60900,ZAR,2026-09,2026-10-07
E1018,Payable,62900,ZAR,2026-09,2026-10-07
E1019,Payable,64800,ZAR,2026-09,2026-10-07
E1020,Payable,66700,ZAR,2026-09,2026-10-07
E1021,Payable,68700,ZAR,2026-09,2026-10-07
E1022,Payable,70600,ZAR,2026-09,2026-10-07
E1023,Payable,72600,ZAR,2026-09,2026-10-07
E1024,Payable,74500,ZAR,2026-09,2026-10-07
E1025,Payable,76400,ZAR,2026-09,2026-10-07
E1026,Payable,78400,ZAR,2026-09,2026-10-07
E1027,Payable,80300,ZAR,2026-09,2026-10-07
E1028,Payable,82200,ZAR,2026-09,2026-10-07
E1029,Payable,84200,ZAR,2026-09,2026-10-07
E1030,Payable,29100,ZAR,2026-09,2026-10-07
E1031,Payable,31000,ZAR,2026-09,2026-10-07
E1032,Payable,33000,ZAR,2026-09,2026-10-07
E1033,Payable,34900,ZAR,2026-09,2026-10-07
E1034,Payable,36900,ZAR,2026-09,2026-10-07
E1035,Payable,38800,ZAR,2026-09,2026-10-07
E1036,Payable,40700,ZAR,2026-09,2026-10-07
E1037,Payable,42700,USD,2026-09,2026-10-07
E1038,Payable,44600,ZAR,2026-09,2026-10-07
E1039,Payable,46500,ZAR,2026-09,2026-10-07
E1040,Payable,48500,ZAR,2026-09,2026-10-07
E1041,Stopped,50400,ZAR,2026-09,2026-10-07
E1042,Payable,52400,ZAR,2026-09,2026-10-07
E1043,Payable,54300,ZAR,2026-09,2026-10-07
E1045,Payable,58200,ZAR,2026-09,2026-10-07
E1046,Payable,60100,ZAR,2026-09,2026-10-07
E1047,Payable,62000,ZAR,2026-09,2026-10-07
E1048,Payable,64000,ZAR,2026-09,2026-10-07
E1015,Payable,58600,ZAR,2026-09,2026-10-07
