deposit_id,player_id,created_at,dep_amount,gateway_ref,gateway_txn_id,merchant_ref,settled_at,gross_amount,fee,net_amount,gw_status,expected_fee,category,financial_impact
D000055,P0081,2026-09-02 06:58:04,150.00,GW-000055,,,,,,,,,"BREAK: deposit SUCCESS, no gateway settlement found",150.00
D000125,P0039,2026-09-04 05:36:49,1000.00,GW-000125,,,,,,,,,"BREAK: deposit SUCCESS, no gateway settlement found",1000.00
D000182,P0033,2026-09-05 19:41:52,500.00,GW-000182,,,,,,,,,"BREAK: deposit SUCCESS, no gateway settlement found",500.00
D000218,P0034,2026-09-06 12:49:57,50.00,GW-000218,,,,,,,,,"BREAK: deposit SUCCESS, no gateway settlement found",50.00
D000269,P0036,2026-09-07 08:48:58,1000.00,GW-000269,,,,,,,,,"BREAK: deposit SUCCESS, no gateway settlement found",1000.00
D000164,P0059,2026-09-05 05:15:45,1500.00,GW-000164,GT900164,GW-000164,2026-09-05 05:39:45,1500.00,31.00,1469.00,SETTLED,31.00,BREAK: duplicate gateway settlement for one reference (double-credit risk),0.00
D000164,P0059,2026-09-05 05:15:45,1500.00,GW-000164,GT900164,GW-000164,2026-09-05 10:39:45,1500.00,31.00,1469.00,SETTLED,31.00,BREAK: duplicate gateway settlement for one reference (double-credit risk),0.00
D000223,P0046,2026-09-06 13:38:24,50.00,GW-000223,GT900223,GW-000223,2026-09-06 14:23:24,50.00,2.00,48.00,SETTLED,2.00,BREAK: duplicate gateway settlement for one reference (double-credit risk),0.00
D000223,P0046,2026-09-06 13:38:24,50.00,GW-000223,GT900223,GW-000223,2026-09-06 19:23:24,50.00,2.00,48.00,SETTLED,2.00,BREAK: duplicate gateway settlement for one reference (double-credit risk),0.00
D000047,P0049,2026-09-02 04:09:18,1000.00,GW-000047,GT900047,GW-000047,2026-09-02 04:44:18,1000.00,21.00,979.00,SETTLED,21.00,BREAK: duplicate internal SUCCESS deposit for one settlement (double-credit risk),0.00
D000325,P0049,2026-09-02 04:09:58,1000.00,GW-000047,GT900047,GW-000047,2026-09-02 04:44:18,1000.00,21.00,979.00,SETTLED,21.00,BREAK: duplicate internal SUCCESS deposit for one settlement (double-credit risk),0.00
D000140,P0020,2026-09-04 13:44:33,150.00,GW-000140,GT900140,GW-000140,2026-09-04 14:23:33,150.00,4.00,146.00,SETTLED,4.00,BREAK: duplicate internal SUCCESS deposit for one settlement (double-credit risk),0.00
D000326,P0020,2026-09-04 13:45:13,150.00,GW-000140,GT900140,GW-000140,2026-09-04 14:23:33,150.00,4.00,146.00,SETTLED,4.00,BREAK: duplicate internal SUCCESS deposit for one settlement (double-credit risk),0.00
D000168,P0015,2026-09-05 06:56:09,150.00,GW-000168,GT900168,GW-000168,2026-09-05 07:45:09,150.00,4.00,146.00,SETTLED,4.00,BREAK: duplicate internal SUCCESS deposit for one settlement (double-credit risk),0.00
D000327,P0015,2026-09-05 06:56:49,150.00,GW-000168,GT900168,GW-000168,2026-09-05 07:45:09,150.00,4.00,146.00,SETTLED,4.00,BREAK: duplicate internal SUCCESS deposit for one settlement (double-credit risk),0.00
D000133,P0081,2026-09-04 11:39:53,1000.00,GW-000133,GT900133,GW-000133,2026-09-04 11:46:53,1000.00,21.00,977.00,SETTLED,21.00,BREAK: net amount is not gross minus fee,2.00
D000289,P0072,2026-09-07 18:22:09,500.00,GW-000289,GT900289,GW-000289,2026-09-07 18:42:09,500.00,11.00,487.00,SETTLED,11.00,BREAK: net amount is not gross minus fee,2.00
D000306,P0071,2026-09-02 08:43:23,150.00,GW-000306,GT900306,GW-000306,2026-09-02 08:52:23,150.00,4.00,146.00,SETTLED,4.00,"BREAK: payment confirmed, wallet not credited",150.00
D000305,P0083,2026-09-06 02:32:57,100.00,GW-000305,GT900305,GW-000305,2026-09-06 02:41:57,100.00,3.00,97.00,SETTLED,3.00,"BREAK: payment confirmed, wallet not credited",100.00
D000022,P0003,2026-09-01 13:00:28,200.00,GW-000022,GT900022,GW-000022,2026-09-01 13:02:28,200.00,6.00,194.00,SETTLED,5.00,BREAK: settled fee differs from contracted fee,1.00
D000134,P0004,2026-09-04 11:46:12,150.00,GW-000134,GT900134,GW-000134,2026-09-04 12:16:12,150.00,4.75,145.25,SETTLED,4.00,BREAK: settled fee differs from contracted fee,0.75
D000219,P0068,2026-09-06 13:03:05,100.00,GW-000219,GT900219,GW-000219,2026-09-06 13:21:05,100.00,3.50,96.50,SETTLED,3.00,BREAK: settled fee differs from contracted fee,0.50
D000275,P0052,2026-09-07 12:48:51,300.00,GW-000275,GT900275,GW-000275,2026-09-07 13:03:51,300.00,8.50,291.50,SETTLED,7.00,BREAK: settled fee differs from contracted fee,1.50
D000048,P0066,2026-09-02 04:33:34,100.00,GW-000048,GT900048,GW-000048,2026-09-02 04:40:34,50.00,2.00,48.00,SETTLED,2.00,BREAK: settled gross amount differs from internal amount,50.00
D000056,P0055,2026-09-02 07:57:01,5000.00,GW-000056,GT900056,GW-000056,2026-09-02 08:20:01,5100.00,103.00,4997.00,SETTLED,103.00,BREAK: settled gross amount differs from internal amount,-100.00
D000064,P0017,2026-09-02 11:49:56,200.00,GW-000064,GT900064,GW-000064,2026-09-02 11:56:56,1000.00,21.00,979.00,SETTLED,21.00,BREAK: settled gross amount differs from internal amount,-800.00
D000116,P0061,2026-09-04 01:15:30,200.00,GW-000116,GT900116,GW-000116,2026-09-04 01:58:30,250.00,6.00,244.00,SETTLED,6.00,BREAK: settled gross amount differs from internal amount,-50.00
,,,,GW-000302,GT900302,GW-000302,2026-09-01 02:00:06,100.00,3.00,97.00,SETTLED,3.00,BREAK: unrecognised settlement (no internal record),100.00
,,,,GW-000303,GT900303,GW-000303,2026-09-01 20:19:01,500.00,11.00,489.00,SETTLED,11.00,BREAK: unrecognised settlement (no internal record),500.00
,,,,GW-000304,GT900304,GW-000304,2026-09-02 20:53:20,2000.00,41.00,1959.00,SETTLED,41.00,BREAK: unrecognised settlement (no internal record),2000.00
,,,,GW-000301,GT900301,GW-000301,2026-09-04 22:33:18,300.00,7.00,293.00,SETTLED,7.00,BREAK: unrecognised settlement (no internal record),300.00
D000068,P0061,2026-09-02 14:37:40,500.00,GW-000068,GT900068,GW-000068,2026-09-02 15:09:40,499.99,11.00,488.99,SETTLED,11.00,NOT A PROBLEM: rounding difference <= 1 cent,0.01
D000208,P0018,2026-09-06 07:42:29,2000.00,GW-000208,GT900208,GW-000208,2026-09-06 08:01:29,1999.99,41.00,1958.99,SETTLED,41.00,NOT A PROBLEM: rounding difference <= 1 cent,0.01
D000239,P0022,2026-09-06 21:25:56,100.00,GW-000239,GT900239,GW-000239,2026-09-06 21:41:56,99.99,3.00,96.99,SETTLED,3.00,NOT A PROBLEM: rounding difference <= 1 cent,0.01
D000097,P0008,2026-09-03 09:54:08,500.00,GW-000097,GT900097,GW-000097,2026-09-03 10:20:08,500.00,11.00,489.00,REVERSED,11.00,REVERSAL: gateway reversed/charged back after settlement,500.00
D000124,P0066,2026-09-04 04:48:42,250.00,GW-000124,GT900124,GW-000124,2026-09-04 05:35:42,250.00,6.00,244.00,REVERSED,6.00,REVERSAL: gateway reversed/charged back after settlement,250.00
D000273,P0014,2026-09-07 11:15:02,100.00,GW-000273,GT900273,GW-000273,2026-09-07 11:55:02,100.00,3.00,97.00,REVERSED,3.00,REVERSAL: gateway reversed/charged back after settlement,100.00
,,,,GW-000331,GT900331,GW-000331,2026-09-01 00:04:00,2000.00,41.00,1959.00,SETTLED,41.00,TIMING: prior-period deposit settled at start of period,2000.00
,,,,GW-000332,GT900332,GW-000332,2026-09-01 00:05:00,100.00,3.00,97.00,SETTLED,3.00,TIMING: prior-period deposit settled at start of period,100.00
,,,,GW-000333,GT900333,GW-000333,2026-09-01 00:06:00,500.00,11.00,489.00,SETTLED,11.00,TIMING: prior-period deposit settled at start of period,500.00
D000328,P0038,2026-09-07 23:54:00,2000.00,GW-000328,,,,,,,,,TIMING: settlement expected in next period (created near cut-off),2000.00
D000329,P0034,2026-09-07 23:54:30,1500.00,GW-000329,,,,,,,,,TIMING: settlement expected in next period (created near cut-off),1500.00
D000330,P0076,2026-09-07 23:55:00,150.00,GW-000330,,,,,,,,,TIMING: settlement expected in next period (created near cut-off),150.00
