gateway_txn_id,merchant_ref,settled_at,gross_amount,fee,net_amount,currency,status
GT900331,GW-000331,2026-09-01 00:04:00,2000.00,41.00,1959.00,NAD,SETTLED
GT900332,GW-000332,2026-09-01 00:05:00,100.00,3.00,97.00,NAD,SETTLED
GT900333,GW-000333,2026-09-01 00:06:00,500.00,11.00,489.00,NAD,SETTLED
GT900001,GW-000001,2026-09-01 00:33:44,150.00,4.00,146.00,NAD,SETTLED
GT900002,GW-000002,2026-09-01 00:52:17,1500.00,31.00,1469.00,NAD,SETTLED
GT900004,GW-000004,2026-09-01 01:48:40,250.00,6.00,244.00,NAD,SETTLED
GT900302,GW-000302,2026-09-01 02:00:06,100.00,3.00,97.00,NAD,SETTLED
GT900003,GW-000003,2026-09-01 02:09:44,500.00,11.00,489.00,NAD,SETTLED
GT900005,GW-000005,2026-09-01 03:30:07,500.00,11.00,489.00,NAD,SETTLED
GT900006,GW-000006,2026-09-01 03:39:46,1500.00,31.00,1469.00,NAD,SETTLED
GT900009,GW-000009,2026-09-01 04:44:58,1500.00,31.00,1469.00,NAD,SETTLED
GT900007,GW-000007,2026-09-01 04:49:24,500.00,11.00,489.00,NAD,SETTLED
GT900010,GW-000010,2026-09-01 04:51:39,20.00,1.40,18.60,NAD,SETTLED
GT900008,GW-000008,2026-09-01 04:55:14,100.00,3.00,97.00,NAD,SETTLED
GT900011,GW-000011,2026-09-01 06:01:44,150.00,4.00,146.00,NAD,SETTLED
GT900013,GW-000013,2026-09-01 07:15:21,100.00,3.00,97.00,NAD,SETTLED
GT900012,GW-000012,2026-09-01 07:21:33,100.00,3.00,97.00,NAD,SETTLED
GT900014,GW-000014,2026-09-01 07:46:28,100.00,3.00,97.00,NAD,SETTLED
GT900015,GW-000015,2026-09-01 07:55:04,300.00,7.00,293.00,NAD,SETTLED
GT900016,GW-000016,2026-09-01 07:57:43,100.00,3.00,97.00,NAD,SETTLED
GT900017,GW-000017,2026-09-01 08:11:05,1000.00,21.00,979.00,NAD,SETTLED
GT900018,GW-000018,2026-09-01 09:53:37,1500.00,31.00,1469.00,NAD,SETTLED
GT900019,GW-000019,2026-09-01 10:22:33,100.00,3.00,97.00,NAD,SETTLED
GT900020,GW_000020,2026-09-01 10:42:51,20.00,1.40,18.60,NAD,SETTLED
GT900021,GW-000021,2026-09-01 11:14:17,1000.00,21.00,979.00,NAD,SETTLED
GT900022,GW-000022,2026-09-01 13:02:28,200.00,6.00,194.00,NAD,SETTLED
GT900023,GW-000023,2026-09-01 13:41:34,250.00,6.00,244.00,NAD,SETTLED
GT900024,GW-000024,2026-09-01 14:23:08,1500.00,31.00,1469.00,NAD,SETTLED
GT900025,GW-000025,2026-09-01 14:52:22,100.00,3.00,97.00,NAD,SETTLED
GT900026,GW-000026,2026-09-01 15:33:50,50.00,2.00,48.00,NAD,SETTLED
GT900027,GW-000027,2026-09-01 17:14:35,50.00,2.00,48.00,NAD,SETTLED
GT900028,GW-000028,2026-09-01 18:17:01,250.00,6.00,244.00,NAD,SETTLED
GT900030,GW-000030,2026-09-01 18:52:59,20.00,1.40,18.60,NAD,SETTLED
GT900031,GW-000031,2026-09-01 18:58:38,5000.00,101.00,4899.00,NAD,SETTLED
GT900029,GW-000029,2026-09-01 19:01:53,500.00,11.00,489.00,NAD,SETTLED
GT900303,GW-000303,2026-09-01 20:19:01,500.00,11.00,489.00,NAD,SETTLED
GT900032,GW-000032,2026-09-01 21:00:44,100.00,3.00,97.00,NAD,SETTLED
GT900033,GW-000033,2026-09-01 21:59:20,500.00,11.00,489.00,NAD,SETTLED
GT900034,GW-000034,2026-09-01 22:26:47,250.00,6.00,244.00,NAD,SETTLED
GT900035,GW-000035,2026-09-01 23:24:39,500.00,11.00,489.00,NAD,SETTLED
GT900036,GW-000036,2026-09-02 00:01:44,2000.00,41.00,1959.00,NAD,SETTLED
GT900037,GW-000037,2026-09-02 00:22:40,300.00,7.00,293.00,NAD,SETTLED
GT900038,GW-000038,2026-09-02 01:07:34,1500.00,31.00,1469.00,NAD,SETTLED
GT900039,GW-000039,2026-09-02 02:41:00,20.00,1.40,18.60,NAD,SETTLED
GT900040,GW-000040,2026-09-02 03:05:49,1500.00,31.00,1469.00,NAD,SETTLED
GT900041,GW-000041,2026-09-02 03:10:45,100.00,3.00,97.00,NAD,SETTLED
GT900042,GW-000042,2026-09-02 03:54:22,500.00,11.00,489.00,NAD,SETTLED
GT900043,GW-000043,2026-09-02 04:06:29,250.00,6.00,244.00,NAD,SETTLED
GT900044,GW-000044,2026-09-02 04:07:39,100.00,3.00,97.00,NAD,SETTLED
GT900046,GW-000046,2026-09-02 04:08:35,300.00,7.00,293.00,NAD,SETTLED
GT900048,GW-000048,2026-09-02 04:40:34,50.00,2.00,48.00,NAD,SETTLED
GT900045,GW-000045,2026-09-02 04:43:14,150.00,4.00,146.00,NAD,SETTLED
GT900047,GW-000047,2026-09-02 04:44:18,1000.00,21.00,979.00,NAD,SETTLED
GT900049,GW-000049,2026-09-02 05:26:12,50.00,2.00,48.00,NAD,SETTLED
GT900051,GW-000051,2026-09-02 05:55:39,250.00,6.00,244.00,NAD,SETTLED
GT900050,GW-000050,2026-09-02 06:09:04,1000.00,21.00,979.00,NAD,SETTLED
GT900052,GW-000052,2026-09-02 06:12:42,150.00,4.00,146.00,NAD,SETTLED
GT900053,GW-000053,2026-09-02 07:12:06,300.00,7.00,293.00,NAD,SETTLED
GT900054,GW-000054,2026-09-02 07:19:49,500.00,11.00,489.00,NAD,SETTLED
GT900057,GW-000057,2026-09-02 08:17:15,100.00,3.00,97.00,NAD,SETTLED
GT900056,GW-000056,2026-09-02 08:20:01,5100.00,103.00,4997.00,NAD,SETTLED
GT900306,GW-000306,2026-09-02 08:52:23,150.00,4.00,146.00,NAD,SETTLED
GT900058,GW-000058,2026-09-02 10:30:04,100.00,3.00,97.00,NAD,SETTLED
GT900059,GW-000059,2026-09-02 10:43:46,100.00,3.00,97.00,NAD,SETTLED
GT900061,GW-000061,2026-09-02 11:16:27,20.00,1.40,18.60,NAD,SETTLED
GT900062,GW-000062,2026-09-02 11:35:08,500.00,11.00,489.00,NAD,SETTLED
GT900060,GW-000060,2026-09-02 11:41:59,100.00,3.00,97.00,NAD,SETTLED
GT900064,GW-000064,2026-09-02 11:56:56,1000.00,21.00,979.00,NAD,SETTLED
GT900063,GW-000063,2026-09-02 12:12:20,100.00,3.00,97.00,NAD,SETTLED
GT900065,GW-000065,2026-09-02 13:41:25,500.00,11.00,489.00,NAD,SETTLED
GT900066,GW-000066,2026-09-02 13:53:52,50.00,2.00,48.00,NAD,SETTLED
GT900067,GW-000067,2026-09-02 14:21:10,300.00,7.00,293.00,NAD,SETTLED
GT900068,GW-000068,2026-09-02 15:09:40,499.99,11.00,488.99,NAD,SETTLED
GT900069,GW-000069,2026-09-02 15:50:55,100.00,3.00,97.00,NAD,SETTLED
GT900070,GW-000070,2026-09-02 16:09:20,200.00,5.00,195.00,NAD,SETTLED
GT900071,GW-000071,2026-09-02 16:29:51,2000.00,41.00,1959.00,NAD,SETTLED
GT900072,GW-000072,2026-09-02 17:52:12,50.00,2.00,48.00,NAD,SETTLED
GT900073,GW-000073,2026-09-02 18:18:50,50.00,2.00,48.00,NAD,SETTLED
GT900074,GW-000074,2026-09-02 19:26:48,300.00,7.00,293.00,NAD,SETTLED
GT900075,GW-000075,2026-09-02 19:36:51,200.00,5.00,195.00,NAD,SETTLED
GT900076,GW-000076,2026-09-02 20:14:42,1500.00,31.00,1469.00,NAD,SETTLED
GT900304,GW-000304,2026-09-02 20:53:20,2000.00,41.00,1959.00,NAD,SETTLED
GT900078,GW-000078,2026-09-02 21:25:38,5000.00,101.00,4899.00,NAD,SETTLED
GT900077,GW-000077,2026-09-02 21:36:25,500.00,11.00,489.00,NAD,SETTLED
GT900079,GW-000079,2026-09-02 22:09:33,100.00,3.00,97.00,NAD,SETTLED
GT900080,GW-000080,2026-09-02 23:01:19,200.00,5.00,195.00,NAD,SETTLED
GT900082,GW-000082,2026-09-02 23:10:30,1000.00,21.00,979.00,NAD,SETTLED
GT900081,GW-000081,2026-09-02 23:21:01,500.00,11.00,489.00,NAD,SETTLED
GT900084,GW-000084,2026-09-03 02:11:14,100.00,3.00,97.00,NAD,SETTLED
GT900083,GW-000083,2026-09-03 02:26:47,2000.00,41.00,1959.00,NAD,SETTLED
GT900085,GW-000085,2026-09-03 02:50:45,500.00,11.00,489.00,NAD,SETTLED
GT900086,GW-000086,2026-09-03 03:10:00,250.00,6.00,244.00,NAD,SETTLED
GT900087,GW-000087,2026-09-03 04:13:38,100.00,3.00,97.00,NAD,SETTLED
GT900088,GW-000088,2026-09-03 05:30:34,250.00,6.00,244.00,NAD,SETTLED
GT900089,GW-000089,2026-09-03 06:09:00,100.00,3.00,97.00,NAD,SETTLED
GT900090,GW-000090,2026-09-03 06:20:45,100.00,3.00,97.00,NAD,SETTLED
GT900091,GW-000091,2026-09-03 06:36:40,2000.00,41.00,1959.00,NAD,SETTLED
GT900092,GW-000092,2026-09-03 07:07:32,1000.00,21.00,979.00,NAD,SETTLED
GT900093,GW-000093,2026-09-03 07:21:47,500.00,11.00,489.00,NAD,SETTLED
GT900094,GW-000094,2026-09-03 09:24:38,500.00,11.00,489.00,NAD,SETTLED
GT900095,GW-000095,2026-09-03 09:37:30,5000.00,101.00,4899.00,NAD,SETTLED
GT900096,GW-000096,2026-09-03 09:40:31,150.00,4.00,146.00,NAD,SETTLED
GT900097,GW-000097,2026-09-03 10:20:08,500.00,11.00,489.00,NAD,REVERSED
GT900098,GW-000098,2026-09-03 10:30:24,100.00,3.00,97.00,NAD,SETTLED
GT900099,GW-000099,2026-09-03 11:21:29,250.00,6.00,244.00,NAD,SETTLED
GT900100,GW-000100,2026-09-03 12:48:20,1500.00,31.00,1469.00,NAD,SETTLED
GT900101,GW-000101,2026-09-03 13:16:56,500.00,11.00,489.00,NAD,SETTLED
GT900103,GW-000103,2026-09-03 14:29:31,250.00,6.00,244.00,NAD,SETTLED
GT900102,GW000102,2026-09-03 14:33:42,200.00,5.00,195.00,NAD,SETTLED
GT900104,GW-000104,2026-09-03 15:37:21,150.00,4.00,146.00,NAD,SETTLED
GT900105,GW-000105,2026-09-03 16:23:28,250.00,6.00,244.00,NAD,SETTLED
GT900106,GW-000106,2026-09-03 17:31:56,500.00,11.00,489.00,NAD,SETTLED
GT900108,GW-000108,2026-09-03 17:33:51,20.00,1.40,18.60,NAD,SETTLED
GT900107,GW-000107,2026-09-03 17:52:10,150.00,4.00,146.00,NAD,SETTLED
GT900109,GW-000109,2026-09-03 19:10:47,500.00,11.00,489.00,NAD,SETTLED
GT900111,GW-000111,2026-09-03 20:03:40,100.00,3.00,97.00,NAD,SETTLED
GT900110,GW-000110,2026-09-03 20:06:52,150.00,4.00,146.00,NAD,SETTLED
GT900112,GW-000112,2026-09-03 21:14:51,1500.00,31.00,1469.00,NAD,SETTLED
GT900113,GW-000113,2026-09-03 21:55:09,100.00,3.00,97.00,NAD,SETTLED
GT900114,GW-000114,2026-09-04 00:14:16,250.00,6.00,244.00,NAD,SETTLED
GT900115,GW-000115,2026-09-04 01:53:39,100.00,3.00,97.00,NAD,SETTLED
GT900116,GW-000116,2026-09-04 01:58:30,250.00,6.00,244.00,NAD,SETTLED
GT900117,GW-000117,2026-09-04 02:59:05,500.00,11.00,489.00,NAD,SETTLED
GT900118,GW-000118,2026-09-04 03:23:08,500.00,11.00,489.00,NAD,SETTLED
GT900119,GW-000119,2026-09-04 03:41:07,250.00,6.00,244.00,NAD,SETTLED
GT900121,GW-000121,2026-09-04 03:47:45,5000.00,101.00,4899.00,NAD,SETTLED
GT900120,GW-000120,2026-09-04 04:05:24,250.00,6.00,244.00,NAD,SETTLED
GT900122,GW-000122,2026-09-04 04:15:49,5000.00,101.00,4899.00,NAD,SETTLED
GT900123,GW-000123,2026-09-04 05:08:00,2000.00,41.00,1959.00,NAD,SETTLED
GT900124,GW-000124,2026-09-04 05:35:42,250.00,6.00,244.00,NAD,REVERSED
GT900126,GW-000126,2026-09-04 06:10:23,50.00,2.00,48.00,NAD,SETTLED
GT900127,GW-000127,2026-09-04 06:53:00,300.00,7.00,293.00,NAD,SETTLED
GT900128,GW-000128,2026-09-04 06:55:44,50.00,2.00,48.00,NAD,SETTLED
GT900129,GW-000129,2026-09-04 07:48:38,500.00,11.00,489.00,NAD,SETTLED
GT900130,GW-000130,2026-09-04 07:57:34,500.00,11.00,489.00,NAD,SETTLED
GT900131,GW-000131,2026-09-04 08:49:11,50.00,2.00,48.00,NAD,SETTLED
GT900132,GW-000132,2026-09-04 10:15:36,250.00,6.00,244.00,NAD,SETTLED
GT900133,GW-000133,2026-09-04 11:46:53,1000.00,21.00,977.00,NAD,SETTLED
GT900135,GW-000135,2026-09-04 12:15:24,200.00,5.00,195.00,NAD,SETTLED
GT900134,GW-000134,2026-09-04 12:16:12,150.00,4.75,145.25,NAD,SETTLED
GT900136,GW-000136,2026-09-04 12:43:19,100.00,3.00,97.00,NAD,SETTLED
GT900137,GW-000137,2026-09-04 12:49:00,250.00,6.00,244.00,NAD,SETTLED
GT900138,GW-000138,2026-09-04 13:28:13,500.00,11.00,489.00,NAD,SETTLED
GT900139,GW-000139,2026-09-04 13:45:11,1000.00,21.00,979.00,NAD,SETTLED
GT900141,GW-000141,2026-09-04 13:59:15,100.00,3.00,97.00,NAD,SETTLED
GT900140,GW-000140,2026-09-04 14:23:33,150.00,4.00,146.00,NAD,SETTLED
GT900142,GW-000142,2026-09-04 16:30:02,50.00,2.00,48.00,NAD,SETTLED
GT900143,GW-000143,2026-09-04 17:00:40,250.00,6.00,244.00,NAD,SETTLED
GT900144,GW-000144,2026-09-04 17:42:48,100.00,3.00,97.00,NAD,SETTLED
GT900145,GW-000145,2026-09-04 18:06:10,500.00,11.00,489.00,NAD,SETTLED
GT900146,GW-000146,2026-09-04 18:45:08,100.00,3.00,97.00,NAD,SETTLED
GT900147,GW-000147,2026-09-04 19:00:13,50.00,2.00,48.00,NAD,SETTLED
GT900149,GW-000149,2026-09-04 19:21:41,5000.00,101.00,4899.00,NAD,SETTLED
GT900151,GW-000151,2026-09-04 19:44:03,500.00,11.00,489.00,NAD,SETTLED
GT900148,GW-000148,2026-09-04 19:59:48,100.00,3.00,97.00,NAD,SETTLED
GT900150,GW-000150,2026-09-04 20:04:37,300.00,7.00,293.00,NAD,SETTLED
GT900154,GW-000154,2026-09-04 20:16:59,100.00,3.00,97.00,NAD,SETTLED
GT900153,GW-000153,2026-09-04 20:24:36,1500.00,31.00,1469.00,NAD,SETTLED
GT900152,GW-000152,2026-09-04 20:32:34,2000.00,41.00,1959.00,NAD,SETTLED
GT900155,GW-000155,2026-09-04 21:07:23,5000.00,101.00,4899.00,NAD,SETTLED
GT900301,GW-000301,2026-09-04 22:33:18,300.00,7.00,293.00,NAD,SETTLED
GT900156,GW-000156,2026-09-04 23:31:34,100.00,3.00,97.00,NAD,SETTLED
GT900157,GW-000157,2026-09-04 23:47:00,250.00,6.00,244.00,NAD,SETTLED
GT900158,GW-000158,2026-09-05 00:01:01,20.00,1.40,18.60,NAD,SETTLED
GT900159,GW-000159,2026-09-05 00:42:53,150.00,4.00,146.00,NAD,SETTLED
GT900160,GW-000160,2026-09-05 02:10:20,1500.00,31.00,1469.00,NAD,SETTLED
GT900161,GW-000161,2026-09-05 03:51:49,200.00,5.00,195.00,NAD,SETTLED
GT900162,GW-000162,2026-09-05 04:36:59,5000.00,101.00,4899.00,NAD,SETTLED
GT900163,GW-000163,2026-09-05 05:32:34,100.00,3.00,97.00,NAD,SETTLED
GT900164,GW-000164,2026-09-05 05:39:45,1500.00,31.00,1469.00,NAD,SETTLED
GT900165,GW-000165,2026-09-05 06:43:03,150.00,4.00,146.00,NAD,SETTLED
GT900167,GW-000167,2026-09-05 06:44:46,5000.00,101.00,4899.00,NAD,SETTLED
GT900166,GW-000166,2026-09-05 07:05:25,2000.00,41.00,1959.00,NAD,SETTLED
GT900168,GW-000168,2026-09-05 07:45:09,150.00,4.00,146.00,NAD,SETTLED
GT900170,GW-000170,2026-09-05 08:04:40,100.00,3.00,97.00,NAD,SETTLED
GT900171,GW-000171,2026-09-05 08:31:24,150.00,4.00,146.00,NAD,SETTLED
GT900169,GW-000169,2026-09-05 08:31:58,50.00,2.00,48.00,NAD,SETTLED
GT900172,GW-000172,2026-09-05 08:52:20,150.00,4.00,146.00,NAD,SETTLED
GT900173,GW-000173,2026-09-05 10:34:21,100.00,3.00,97.00,NAD,SETTLED
GT900164,GW-000164,2026-09-05 10:39:45,1500.00,31.00,1469.00,NAD,SETTLED
GT900175,GW-000175,2026-09-05 11:49:28,500.00,11.00,489.00,NAD,SETTLED
GT900174,GW-000174,2026-09-05 12:14:01,250.00,6.00,244.00,NAD,SETTLED
GT900176,GW-000176,2026-09-05 14:01:11,5000.00,101.00,4899.00,NAD,SETTLED
GT900177,GW-000177,2026-09-05 14:09:05,250.00,6.00,244.00,NAD,SETTLED
GT900178,GW-000178,2026-09-05 15:46:38,100.00,3.00,97.00,NAD,SETTLED
GT900179,GW-000179,2026-09-05 17:54:20,200.00,5.00,195.00,NAD,SETTLED
GT900180,GW-000180,2026-09-05 18:16:14,1000.00,21.00,979.00,NAD,SETTLED
GT900181,GW-000181,2026-09-05 18:25:51,50.00,2.00,48.00,NAD,SETTLED
GT900183,GW-000183,2026-09-05 20:28:08,50.00,2.00,48.00,NAD,SETTLED
GT900185,GW-000185,2026-09-05 20:34:46,100.00,3.00,97.00,NAD,SETTLED
GT900184,GW-000184,2026-09-05 20:43:04,500.00,11.00,489.00,NAD,SETTLED
GT900187,GW-000187,2026-09-05 21:40:51,50.00,2.00,48.00,NAD,SETTLED
GT900186,GW-000186,2026-09-05 21:42:33,50.00,2.00,48.00,NAD,SETTLED
GT900188,GW-000188,2026-09-05 21:50:44,2000.00,41.00,1959.00,NAD,SETTLED
GT900189,GW-000189,2026-09-05 23:27:21,1000.00,21.00,979.00,NAD,SETTLED
GT900192,GW-000192,2026-09-06 00:07:54,100.00,3.00,97.00,NAD,SETTLED
GT900191,GW-000191,2026-09-06 00:14:58,20.00,1.40,18.60,NAD,SETTLED
GT900190,GW-000190,2026-09-06 00:19:10,2000.00,41.00,1959.00,NAD,SETTLED
GT900194,GW-000194,2026-09-06 00:47:24,250.00,6.00,244.00,NAD,SETTLED
GT900193,GW-000193,2026-09-06 00:47:41,1000.00,21.00,979.00,NAD,SETTLED
GT900195,GW-000195,2026-09-06 01:39:32,50.00,2.00,48.00,NAD,SETTLED
GT900196,gw-000196 ,2026-09-06 02:27:12,100.00,3.00,97.00,NAD,SETTLED
GT900305,GW-000305,2026-09-06 02:41:57,100.00,3.00,97.00,NAD,SETTLED
GT900197,GW-000197,2026-09-06 02:50:26,100.00,3.00,97.00,NAD,SETTLED
GT900199,GW-000199,2026-09-06 03:14:47,2000.00,41.00,1959.00,NAD,SETTLED
GT900198,GW-000198,2026-09-06 03:16:46,200.00,5.00,195.00,NAD,SETTLED
GT900201,GW-000201,2026-09-06 03:58:09,500.00,11.00,489.00,NAD,SETTLED
GT900200,GW-000200,2026-09-06 04:26:36,1000.00,21.00,979.00,NAD,SETTLED
GT900202,GW-000202,2026-09-06 04:39:59,5000.00,101.00,4899.00,NAD,SETTLED
GT900203,GW-000203,2026-09-06 05:17:28,100.00,3.00,97.00,NAD,SETTLED
GT900204,GW-000204,2026-09-06 06:39:23,100.00,3.00,97.00,NAD,SETTLED
GT900206,GW-000206,2026-09-06 06:42:42,20.00,1.40,18.60,NAD,SETTLED
GT900205,GW-000205,2026-09-06 06:51:50,1000.00,21.00,979.00,NAD,SETTLED
GT900207,GW-000207,2026-09-06 07:34:34,1000.00,21.00,979.00,NAD,SETTLED
GT900208,GW-000208,2026-09-06 08:01:29,1999.99,41.00,1958.99,NAD,SETTLED
GT900209,GW-000209,2026-09-06 08:49:41,200.00,5.00,195.00,NAD,SETTLED
GT900210,GW-000210,2026-09-06 10:17:38,250.00,6.00,244.00,NAD,SETTLED
GT900212,GW-000212,2026-09-06 11:06:17,100.00,3.00,97.00,NAD,SETTLED
GT900211,GW-000211,2026-09-06 11:32:44,20.00,1.40,18.60,NAD,SETTLED
GT900214,GW-000214,2026-09-06 11:36:49,50.00,2.00,48.00,NAD,SETTLED
GT900215,GW-000215,2026-09-06 11:44:08,2000.00,41.00,1959.00,NAD,SETTLED
GT900213,GW-000213,2026-09-06 11:44:46,500.00,11.00,489.00,NAD,SETTLED
GT900216,GW-000216,2026-09-06 12:21:21,100.00,3.00,97.00,NAD,SETTLED
GT900217,GW-000217,2026-09-06 12:29:12,20.00,1.40,18.60,NAD,SETTLED
GT900219,GW-000219,2026-09-06 13:21:05,100.00,3.50,96.50,NAD,SETTLED
GT900220,GW-000220,2026-09-06 13:31:28,500.00,11.00,489.00,NAD,SETTLED
GT900221,GW-000221,2026-09-06 13:32:06,100.00,3.00,97.00,NAD,SETTLED
GT900222,GW-000222,2026-09-06 14:04:06,100.00,3.00,97.00,NAD,SETTLED
GT900223,GW-000223,2026-09-06 14:23:24,50.00,2.00,48.00,NAD,SETTLED
GT900224,GW-000224,2026-09-06 14:58:49,2000.00,41.00,1959.00,NAD,SETTLED
GT900225,GW-000225,2026-09-06 15:49:30,50.00,2.00,48.00,NAD,SETTLED
GT900226,GW-000226,2026-09-06 16:13:07,5000.00,101.00,4899.00,NAD,SETTLED
GT900228,GW-000228,2026-09-06 16:27:39,50.00,2.00,48.00,NAD,SETTLED
GT900227,gw-000227,2026-09-06 16:37:24,50.00,2.00,48.00,NAD,SETTLED
GT900230,GW-000230,2026-09-06 17:11:33,50.00,2.00,48.00,NAD,SETTLED
GT900229,GW-000229,2026-09-06 17:23:27,20.00,1.40,18.60,NAD,SETTLED
GT900231,GW-000231,2026-09-06 18:32:59,50.00,2.00,48.00,NAD,SETTLED
GT900232,GW-000232,2026-09-06 19:20:07,100.00,3.00,97.00,NAD,SETTLED
GT900223,GW-000223,2026-09-06 19:23:24,50.00,2.00,48.00,NAD,SETTLED
GT900233,GW-000233,2026-09-06 19:33:15,200.00,5.00,195.00,NAD,SETTLED
GT900235,GW-000235,2026-09-06 19:40:27,1000.00,21.00,979.00,NAD,SETTLED
GT900234,GW-000234,2026-09-06 20:08:41,500.00,11.00,489.00,NAD,SETTLED
GT900236,GW-000236,2026-09-06 20:25:28,200.00,5.00,195.00,NAD,SETTLED
GT900237,GW-000237,2026-09-06 21:01:32,1500.00,31.00,1469.00,NAD,SETTLED
GT900238,GW-000238,2026-09-06 21:39:43,50.00,2.00,48.00,NAD,SETTLED
GT900239,GW-000239,2026-09-06 21:41:56,99.99,3.00,96.99,NAD,SETTLED
GT900240,GW-000240,2026-09-06 22:47:56,100.00,3.00,97.00,NAD,SETTLED
GT900242,GW-000242,2026-09-06 23:05:10,100.00,3.00,97.00,NAD,SETTLED
GT900241,GW-000241,2026-09-06 23:06:22,500.00,11.00,489.00,NAD,SETTLED
GT900243,GW-000243,2026-09-06 23:06:23,20.00,1.40,18.60,NAD,SETTLED
GT900244,GW-000244,2026-09-06 23:52:07,100.00,3.00,97.00,NAD,SETTLED
GT900248,GW-000248,2026-09-07 01:11:32,100.00,3.00,97.00,NAD,SETTLED
GT900246,GW-000246,2026-09-07 01:16:39,100.00,3.00,97.00,NAD,SETTLED
GT900247,GW-000247,2026-09-07 01:32:13,100.00,3.00,97.00,NAD,SETTLED
GT900245,GW-000245,2026-09-07 01:33:27,200.00,5.00,195.00,NAD,SETTLED
GT900249,GW-000249,2026-09-07 01:56:08,1000.00,21.00,979.00,NAD,SETTLED
GT900250,GW-000250,2026-09-07 02:38:19,5000.00,101.00,4899.00,NAD,SETTLED
GT900251,GW-000251,2026-09-07 02:45:05,500.00,11.00,489.00,NAD,SETTLED
GT900252,GW-000252,2026-09-07 03:38:38,50.00,2.00,48.00,NAD,SETTLED
GT900253,GW-000253,2026-09-07 03:46:15,20.00,1.40,18.60,NAD,SETTLED
GT900254,GW-000254,2026-09-07 03:58:56,200.00,5.00,195.00,NAD,SETTLED
GT900255,GW-000255,2026-09-07 04:31:44,200.00,5.00,195.00,NAD,SETTLED
GT900257,GW-000257,2026-09-07 05:17:02,20.00,1.40,18.60,NAD,SETTLED
GT900256,GW-000256,2026-09-07 05:27:40,100.00,3.00,97.00,NAD,SETTLED
GT900258,GW-000258,2026-09-07 05:42:45,100.00,3.00,97.00,NAD,SETTLED
GT900259,GW-000259,2026-09-07 06:07:26,100.00,3.00,97.00,NAD,SETTLED
GT900261,GW-000261,2026-09-07 06:08:18,5000.00,101.00,4899.00,NAD,SETTLED
GT900260,GW-000260,2026-09-07 06:14:35,5000.00,101.00,4899.00,NAD,SETTLED
GT900262,GW-000262,2026-09-07 07:12:39,100.00,3.00,97.00,NAD,SETTLED
GT900263,GW-000263,2026-09-07 07:19:28,300.00,7.00,293.00,NAD,SETTLED
GT900264,GW-000264,2026-09-07 07:45:02,250.00,6.00,244.00,NAD,SETTLED
GT900265,GW-000265,2026-09-07 07:45:54,300.00,7.00,293.00,NAD,SETTLED
GT900266,GW-000266,2026-09-07 08:06:11,20.00,1.40,18.60,NAD,SETTLED
GT900268,GW-000268,2026-09-07 08:28:52,500.00,11.00,489.00,NAD,SETTLED
GT900267, GW-000267 ,2026-09-07 08:33:08,100.00,3.00,97.00,NAD,SETTLED
GT900270,GW-000270,2026-09-07 09:06:46,2000.00,41.00,1959.00,NAD,SETTLED
GT900271,GW-000271,2026-09-07 10:01:23,2000.00,41.00,1959.00,NAD,SETTLED
GT900272,GW-000272,2026-09-07 10:42:18,5000.00,101.00,4899.00,NAD,SETTLED
GT900273,GW-000273,2026-09-07 11:55:02,100.00,3.00,97.00,NAD,REVERSED
GT900274,GW-000274,2026-09-07 12:57:21,20.00,1.40,18.60,NAD,SETTLED
GT900275,GW-000275,2026-09-07 13:03:51,300.00,8.50,291.50,NAD,SETTLED
GT900276,GW-000276,2026-09-07 14:47:29,500.00,11.00,489.00,NAD,SETTLED
GT900277,GW-000277,2026-09-07 14:54:36,200.00,5.00,195.00,NAD,SETTLED
GT900281,GW-000281,2026-09-07 15:29:21,1000.00,21.00,979.00,NAD,SETTLED
GT900278,GW-000278,2026-09-07 15:30:36,500.00,11.00,489.00,NAD,SETTLED
GT900279,GW-000279,2026-09-07 15:38:36,1000.00,21.00,979.00,NAD,SETTLED
GT900282,GW-000282,2026-09-07 15:41:42,500.00,11.00,489.00,NAD,SETTLED
GT900280,GW-000280,2026-09-07 15:44:52,300.00,7.00,293.00,NAD,SETTLED
GT900284,gw-000284,2026-09-07 15:52:35,50.00,2.00,48.00,NAD,SETTLED
GT900283,GW-000283,2026-09-07 15:53:41,100.00,3.00,97.00,NAD,SETTLED
GT900287,GW-000287,2026-09-07 17:57:18,5000.00,101.00,4899.00,NAD,SETTLED
GT900285,GW-000285,2026-09-07 17:57:41,300.00,7.00,293.00,NAD,SETTLED
GT900286,GW-000286,2026-09-07 18:17:09,100.00,3.00,97.00,NAD,SETTLED
GT900289,GW-000289,2026-09-07 18:42:09,500.00,11.00,487.00,NAD,SETTLED
GT900288,GW-000288,2026-09-07 18:45:34,300.00,7.00,293.00,NAD,SETTLED
GT900290,GW-000290,2026-09-07 19:13:55,1500.00,31.00,1469.00,NAD,SETTLED
GT900291,GW-000291,2026-09-07 19:43:08,300.00,7.00,293.00,NAD,SETTLED
GT900293,GW-000293,2026-09-07 19:56:42,1000.00,21.00,979.00,NAD,SETTLED
GT900292,GW-000292,2026-09-07 20:16:18,500.00,11.00,489.00,NAD,SETTLED
GT900294,GW-000294,2026-09-07 20:30:11,20.00,1.40,18.60,NAD,SETTLED
GT900295,GW-000295,2026-09-07 20:56:36,1500.00,31.00,1469.00,NAD,SETTLED
GT900296,GW-000296,2026-09-07 22:03:14,500.00,11.00,489.00,NAD,SETTLED
GT900298,GW-000298,2026-09-07 22:45:45,20.00,1.40,18.60,NAD,SETTLED
GT900297,GW-000297,2026-09-07 22:46:35,1000.00,21.00,979.00,NAD,SETTLED
GT900300,GW-000300,2026-09-07 22:57:21,1000.00,21.00,979.00,NAD,SETTLED
GT900299,GW-000299,2026-09-07 23:14:13,150.00,4.00,146.00,NAD,SETTLED
