deposit_id,player_id,created_at,amount,currency,method,gateway_ref,status
D000001,P0077,2026-09-01 00:03:44,150.00,NAD,EFT_INSTANT,GW-000001,SUCCESS
D000002,P0087,2026-09-01 00:44:17,1500.00,NAD,EFT_INSTANT,GW-000002,SUCCESS
D000003,P0065,2026-09-01 01:25:44,500.00,NAD,EFT_INSTANT,GW-000003,SUCCESS
D000004,P0050,2026-09-01 01:29:40,250.00,NAD,EFT_INSTANT,GW-000004,SUCCESS
D000005,P0008,2026-09-01 02:42:07,500.00,NAD,EFT_INSTANT,GW-000005,SUCCESS
D000321,P0078,2026-09-01 03:11:39,100.00,NAD,EFT_INSTANT,GW-000321,FAILED
D000006,P0004,2026-09-01 03:20:46,1500.00,NAD,EFT_INSTANT,GW-000006,SUCCESS
D000007,P0038,2026-09-01 04:02:24,500.00,NAD,EFT_INSTANT,GW-000007,SUCCESS
D000008,P0039,2026-09-01 04:05:14,100.00,NAD,EFT_INSTANT,GW-000008,SUCCESS
D000009,P0041,2026-09-01 04:06:58,1500.00,NAD,EFT_INSTANT,GW-000009,SUCCESS
D000010,P0070,2026-09-01 04:29:39,20.00,NAD,EFT_INSTANT,GW-000010,SUCCESS
D000011,P0072,2026-09-01 05:57:44,150.00,NAD,EFT_INSTANT,GW-000011,SUCCESS
D000012,P0021,2026-09-01 06:41:33,100.00,NAD,EFT_INSTANT,GW-000012,SUCCESS
D000013,P0016,2026-09-01 07:12:21,100.00,NAD,EFT_INSTANT,GW-000013,SUCCESS
D000014,P0067,2026-09-01 07:23:28,100.00,NAD,EFT_INSTANT,GW-000014,SUCCESS
D000015,P0004,2026-09-01 07:27:04,300.00,NAD,EFT_INSTANT,GW-000015,SUCCESS
D000016,P0046,2026-09-01 07:30:43,100.00,NAD,EFT_INSTANT,GW-000016,SUCCESS
D000017,P0049,2026-09-01 07:55:05,1000.00,NAD,EFT_INSTANT,GW-000017,SUCCESS
D000018,P0085,2026-09-01 09:38:37,1500.00,NAD,EFT_INSTANT,GW-000018,SUCCESS
D000019,P0024,2026-09-01 09:47:33,100.00,NAD,EFT_INSTANT,GW-000019,SUCCESS
D000020,P0085,2026-09-01 09:56:51,20.00,NAD,EFT_INSTANT,GW-000020,SUCCESS
D000021,P0033,2026-09-01 11:04:17,1000.00,NAD,EFT_INSTANT,GW-000021,SUCCESS
D000022,P0003,2026-09-01 13:00:28,200.00,NAD,EFT_INSTANT,GW-000022,SUCCESS
D000023,P0070,2026-09-01 13:10:34,250.00,NAD,EFT_INSTANT,GW-000023,SUCCESS
D000024,P0034,2026-09-01 14:02:08,1500.00,NAD,EFT_INSTANT,GW-000024,SUCCESS
D000025,P0081,2026-09-01 14:14:22,100.00,NAD,EFT_INSTANT,GW-000025,SUCCESS
D000026,P0023,2026-09-01 14:57:50,50.00,NAD,EFT_INSTANT,GW-000026,SUCCESS
D000027,P0084,2026-09-01 16:41:35,50.00,NAD,EFT_INSTANT,GW-000027,SUCCESS
D000028,P0044,2026-09-01 17:36:01,250.00,NAD,EFT_INSTANT,GW-000028,SUCCESS
D000029,P0008,2026-09-01 18:18:53,500.00,NAD,EFT_INSTANT,GW-000029,SUCCESS
D000030,P0081,2026-09-01 18:36:59,20.00,NAD,EFT_INSTANT,GW-000030,SUCCESS
D000031,P0008,2026-09-01 18:43:38,5000.00,NAD,EFT_INSTANT,GW-000031,SUCCESS
D000318,P0070,2026-09-01 20:00:24,250.00,NAD,EFT_INSTANT,GW-000318,FAILED
D000032,P0052,2026-09-01 20:14:44,100.00,NAD,EFT_INSTANT,GW-000032,SUCCESS
D000033,P0030,2026-09-01 21:23:20,500.00,NAD,EFT_INSTANT,GW-000033,SUCCESS
D000324,P0082,2026-09-01 22:04:51,1500.00,NAD,EFT_INSTANT,GW-000324,FAILED
D000034,P0044,2026-09-01 22:13:47,250.00,NAD,EFT_INSTANT,GW-000034,SUCCESS
D000035,P0046,2026-09-01 22:54:39,500.00,NAD,EFT_INSTANT,GW-000035,SUCCESS
D000036,P0071,2026-09-01 23:30:44,2000.00,NAD,EFT_INSTANT,GW-000036,SUCCESS
D000037,P0025,2026-09-02 00:11:40,300.00,NAD,EFT_INSTANT,GW-000037,SUCCESS
D000038,P0020,2026-09-02 00:35:34,1500.00,NAD,EFT_INSTANT,GW-000038,SUCCESS
D000039,P0046,2026-09-02 02:07:00,20.00,NAD,EFT_INSTANT,GW-000039,SUCCESS
D000040,P0005,2026-09-02 02:24:49,1500.00,NAD,EFT_INSTANT,GW-000040,SUCCESS
D000312,P0088,2026-09-02 02:33:13,20.00,NAD,EFT_INSTANT,GW-000312,FAILED
D000041,P0011,2026-09-02 02:50:45,100.00,NAD,EFT_INSTANT,GW-000041,SUCCESS
D000042,P0070,2026-09-02 03:07:22,500.00,NAD,EFT_INSTANT,GW-000042,SUCCESS
D000043,P0018,2026-09-02 03:20:29,250.00,NAD,EFT_INSTANT,GW-000043,SUCCESS
D000044,P0003,2026-09-02 03:32:39,100.00,NAD,EFT_INSTANT,GW-000044,SUCCESS
D000045,P0090,2026-09-02 04:05:14,150.00,NAD,EFT_INSTANT,GW-000045,SUCCESS
D000046,P0074,2026-09-02 04:05:35,300.00,NAD,EFT_INSTANT,GW-000046,SUCCESS
D000047,P0049,2026-09-02 04:09:18,1000.00,NAD,EFT_INSTANT,GW-000047,SUCCESS
D000325,P0049,2026-09-02 04:09:58,1000.00,NAD,EFT_INSTANT,GW-000047,SUCCESS
D000048,P0066,2026-09-02 04:33:34,100.00,NAD,EFT_INSTANT,GW-000048,SUCCESS
D000049,P0019,2026-09-02 04:39:12,50.00,NAD,EFT_INSTANT,GW-000049,SUCCESS
D000316,P0053,2026-09-02 04:42:09,50.00,NAD,EFT_INSTANT,GW-000316,FAILED
D000050,P0043,2026-09-02 05:33:04,1000.00,NAD,EFT_INSTANT,GW-000050,SUCCESS
D000323,P0047,2026-09-02 05:48:25,200.00,NAD,EFT_INSTANT,GW-000323,FAILED
D000051,P0040,2026-09-02 05:52:39,250.00,NAD,EFT_INSTANT,GW-000051,SUCCESS
D000052,P0021,2026-09-02 05:53:42,150.00,NAD,EFT_INSTANT,GW-000052,SUCCESS
D000053,P0070,2026-09-02 06:53:06,300.00,NAD,EFT_INSTANT,GW-000053,SUCCESS
D000054,P0018,2026-09-02 06:54:49,500.00,NAD,EFT_INSTANT,GW-000054,SUCCESS
D000055,P0081,2026-09-02 06:58:04,150.00,NAD,EFT_INSTANT,GW-000055,SUCCESS
D000320,P0022,2026-09-02 07:44:29,500.00,NAD,EFT_INSTANT,GW-000320,FAILED
D000056,P0055,2026-09-02 07:57:01,5000.00,NAD,EFT_INSTANT,GW-000056,SUCCESS
D000057,P0067,2026-09-02 08:15:15,100.00,NAD,EFT_INSTANT,GW-000057,SUCCESS
D000306,P0071,2026-09-02 08:43:23,150.00,NAD,EFT_INSTANT,GW-000306,FAILED
D000058,P0041,2026-09-02 09:55:04,100.00,NAD,EFT_INSTANT,GW-000058,SUCCESS
D000059,P0021,2026-09-02 10:41:46,100.00,NAD,EFT_INSTANT,GW-000059,SUCCESS
D000060,P0066,2026-09-02 10:58:59,100.00,NAD,EFT_INSTANT,GW-000060,SUCCESS
D000061,P0048,2026-09-02 11:11:27,20.00,NAD,EFT_INSTANT,GW-000061,SUCCESS
D000062,P0039,2026-09-02 11:21:08,500.00,NAD,EFT_INSTANT,GW-000062,SUCCESS
D000063,P0077,2026-09-02 11:32:20,100.00,NAD,EFT_INSTANT,GW-000063,SUCCESS
D000064,P0017,2026-09-02 11:49:56,200.00,NAD,EFT_INSTANT,GW-000064,SUCCESS
D000065,P0063,2026-09-02 13:34:25,500.00,NAD,EFT_INSTANT,GW-000065,SUCCESS
D000066,P0049,2026-09-02 13:36:52,50.00,NAD,EFT_INSTANT,GW-000066,SUCCESS
D000067,P0083,2026-09-02 14:13:10,300.00,NAD,EFT_INSTANT,GW-000067,SUCCESS
D000068,P0061,2026-09-02 14:37:40,500.00,NAD,EFT_INSTANT,GW-000068,SUCCESS
D000069,P0072,2026-09-02 15:16:55,100.00,NAD,EFT_INSTANT,GW-000069,SUCCESS
D000070,P0046,2026-09-02 15:25:20,200.00,NAD,EFT_INSTANT,GW-000070,SUCCESS
D000071,P0075,2026-09-02 16:06:51,2000.00,NAD,EFT_INSTANT,GW-000071,SUCCESS
D000072,P0009,2026-09-02 17:02:12,50.00,NAD,EFT_INSTANT,GW-000072,SUCCESS
D000073,P0064,2026-09-02 17:28:50,50.00,NAD,EFT_INSTANT,GW-000073,SUCCESS
D000074,P0034,2026-09-02 18:37:48,300.00,NAD,EFT_INSTANT,GW-000074,SUCCESS
D000075,P0022,2026-09-02 19:15:51,200.00,NAD,EFT_INSTANT,GW-000075,SUCCESS
D000076,P0065,2026-09-02 19:38:42,1500.00,NAD,EFT_INSTANT,GW-000076,SUCCESS
D000077,P0042,2026-09-02 20:49:25,500.00,NAD,EFT_INSTANT,GW-000077,SUCCESS
D000078,P0052,2026-09-02 21:04:38,5000.00,NAD,EFT_INSTANT,GW-000078,SUCCESS
D000079,P0026,2026-09-02 21:39:33,100.00,NAD,EFT_INSTANT,GW-000079,SUCCESS
D000080,P0089,2026-09-02 22:38:19,200.00,NAD,EFT_INSTANT,GW-000080,SUCCESS
D000081,P0053,2026-09-02 22:43:01,500.00,NAD,EFT_INSTANT,GW-000081,SUCCESS
D000082,P0028,2026-09-02 23:00:30,1000.00,NAD,EFT_INSTANT,GW-000082,SUCCESS
D000083,P0073,2026-09-03 01:43:47,2000.00,NAD,EFT_INSTANT,GW-000083,SUCCESS
D000084,P0056,2026-09-03 01:53:14,100.00,NAD,EFT_INSTANT,GW-000084,SUCCESS
D000085,P0016,2026-09-03 02:29:45,500.00,NAD,EFT_INSTANT,GW-000085,SUCCESS
D000086,P0057,2026-09-03 02:53:00,250.00,NAD,EFT_INSTANT,GW-000086,SUCCESS
D000087,P0070,2026-09-03 03:32:38,100.00,NAD,EFT_INSTANT,GW-000087,SUCCESS
D000308,P0012,2026-09-03 04:45:16,100.00,NAD,EFT_INSTANT,GW-000308,FAILED
D000317,P0082,2026-09-03 04:50:16,1500.00,NAD,EFT_INSTANT,GW-000317,FAILED
D000088,P0030,2026-09-03 05:08:34,250.00,NAD,EFT_INSTANT,GW-000088,SUCCESS
D000089,P0072,2026-09-03 05:19:00,100.00,NAD,EFT_INSTANT,GW-000089,SUCCESS
D000090,P0035,2026-09-03 06:01:45,100.00,NAD,EFT_INSTANT,GW-000090,SUCCESS
D000091,P0082,2026-09-03 06:10:40,2000.00,NAD,EFT_INSTANT,GW-000091,SUCCESS
D000092,P0003,2026-09-03 06:31:32,1000.00,NAD,EFT_INSTANT,GW-000092,SUCCESS
D000093,P0087,2026-09-03 06:54:47,500.00,NAD,EFT_INSTANT,GW-000093,SUCCESS
D000094,P0013,2026-09-03 08:40:38,500.00,NAD,EFT_INSTANT,GW-000094,SUCCESS
D000095,P0087,2026-09-03 08:56:30,5000.00,NAD,EFT_INSTANT,GW-000095,SUCCESS
D000096,P0055,2026-09-03 09:17:31,150.00,NAD,EFT_INSTANT,GW-000096,SUCCESS
D000097,P0008,2026-09-03 09:54:08,500.00,NAD,EFT_INSTANT,GW-000097,SUCCESS
D000098,P0002,2026-09-03 10:12:24,100.00,NAD,EFT_INSTANT,GW-000098,SUCCESS
D000099,P0017,2026-09-03 10:59:29,250.00,NAD,EFT_INSTANT,GW-000099,SUCCESS
D000100,P0061,2026-09-03 12:17:20,1500.00,NAD,EFT_INSTANT,GW-000100,SUCCESS
D000101,P0002,2026-09-03 13:13:56,500.00,NAD,EFT_INSTANT,GW-000101,SUCCESS
D000102,P0082,2026-09-03 14:25:42,200.00,NAD,EFT_INSTANT,GW-000102,SUCCESS
D000103,P0042,2026-09-03 14:27:31,250.00,NAD,EFT_INSTANT,GW-000103,SUCCESS
D000104,P0059,2026-09-03 15:04:21,150.00,NAD,EFT_INSTANT,GW-000104,SUCCESS
D000105,P0080,2026-09-03 15:42:28,250.00,NAD,EFT_INSTANT,GW-000105,SUCCESS
D000106,P0011,2026-09-03 16:55:56,500.00,NAD,EFT_INSTANT,GW-000106,SUCCESS
D000107,P0069,2026-09-03 17:02:10,150.00,NAD,EFT_INSTANT,GW-000107,SUCCESS
D000108,P0013,2026-09-03 17:23:51,20.00,NAD,EFT_INSTANT,GW-000108,SUCCESS
D000109,P0029,2026-09-03 18:40:47,500.00,NAD,EFT_INSTANT,GW-000109,SUCCESS
D000110,P0078,2026-09-03 19:22:52,150.00,NAD,EFT_INSTANT,GW-000110,SUCCESS
D000111,P0040,2026-09-03 19:57:40,100.00,NAD,EFT_INSTANT,GW-000111,SUCCESS
D000112,P0067,2026-09-03 20:30:51,1500.00,NAD,EFT_INSTANT,GW-000112,SUCCESS
D000113,P0014,2026-09-03 21:53:09,100.00,NAD,EFT_INSTANT,GW-000113,SUCCESS
D000114,P0054,2026-09-04 00:11:16,250.00,NAD,EFT_INSTANT,GW-000114,SUCCESS
D000115,P0071,2026-09-04 01:06:39,100.00,NAD,EFT_INSTANT,GW-000115,SUCCESS
D000116,P0061,2026-09-04 01:15:30,200.00,NAD,EFT_INSTANT,GW-000116,SUCCESS
D000117,P0044,2026-09-04 02:36:05,500.00,NAD,EFT_INSTANT,GW-000117,SUCCESS
D000118,P0078,2026-09-04 02:52:08,500.00,NAD,EFT_INSTANT,GW-000118,SUCCESS
D000119,P0063,2026-09-04 03:20:07,250.00,NAD,EFT_INSTANT,GW-000119,SUCCESS
D000120,P0005,2026-09-04 03:23:24,250.00,NAD,EFT_INSTANT,GW-000120,SUCCESS
D000121,P0018,2026-09-04 03:45:45,5000.00,NAD,EFT_INSTANT,GW-000121,SUCCESS
D000122,P0047,2026-09-04 03:58:49,5000.00,NAD,EFT_INSTANT,GW-000122,SUCCESS
D000123,P0026,2026-09-04 04:44:00,2000.00,NAD,EFT_INSTANT,GW-000123,SUCCESS
D000124,P0066,2026-09-04 04:48:42,250.00,NAD,EFT_INSTANT,GW-000124,SUCCESS
D000125,P0039,2026-09-04 05:36:49,1000.00,NAD,EFT_INSTANT,GW-000125,SUCCESS
D000126,P0053,2026-09-04 06:05:23,50.00,NAD,EFT_INSTANT,GW-000126,SUCCESS
D000127,P0062,2026-09-04 06:13:00,300.00,NAD,EFT_INSTANT,GW-000127,SUCCESS
D000128,P0066,2026-09-04 06:21:44,50.00,NAD,EFT_INSTANT,GW-000128,SUCCESS
D000129,P0063,2026-09-04 07:27:38,500.00,NAD,EFT_INSTANT,GW-000129,SUCCESS
D000130,P0047,2026-09-04 07:45:34,500.00,NAD,EFT_INSTANT,GW-000130,SUCCESS
D000131,P0072,2026-09-04 08:37:11,50.00,NAD,EFT_INSTANT,GW-000131,SUCCESS
D000132,P0068,2026-09-04 09:41:36,250.00,NAD,EFT_INSTANT,GW-000132,SUCCESS
D000133,P0081,2026-09-04 11:39:53,1000.00,NAD,EFT_INSTANT,GW-000133,SUCCESS
D000134,P0004,2026-09-04 11:46:12,150.00,NAD,EFT_INSTANT,GW-000134,SUCCESS
D000135,P0027,2026-09-04 11:47:24,200.00,NAD,EFT_INSTANT,GW-000135,SUCCESS
D000136,P0066,2026-09-04 12:29:19,100.00,NAD,EFT_INSTANT,GW-000136,SUCCESS
D000137,P0063,2026-09-04 12:40:00,250.00,NAD,EFT_INSTANT,GW-000137,SUCCESS
D000138,P0047,2026-09-04 12:46:13,500.00,NAD,EFT_INSTANT,GW-000138,SUCCESS
D000139,P0069,2026-09-04 13:05:11,1000.00,NAD,EFT_INSTANT,GW-000139,SUCCESS
D000140,P0020,2026-09-04 13:44:33,150.00,NAD,EFT_INSTANT,GW-000140,SUCCESS
D000326,P0020,2026-09-04 13:45:13,150.00,NAD,EFT_INSTANT,GW-000140,SUCCESS
D000141,P0019,2026-09-04 13:50:15,100.00,NAD,EFT_INSTANT,GW-000141,SUCCESS
D000142,P0086,2026-09-04 16:27:02,50.00,NAD,EFT_INSTANT,GW-000142,SUCCESS
D000143,P0039,2026-09-04 16:48:40,250.00,NAD,EFT_INSTANT,GW-000143,SUCCESS
D000144,P0035,2026-09-04 17:07:48,100.00,NAD,EFT_INSTANT,GW-000144,SUCCESS
D000322,P0056,2026-09-04 17:34:30,250.00,NAD,EFT_INSTANT,GW-000322,FAILED
D000145,P0017,2026-09-04 17:36:10,500.00,NAD,EFT_INSTANT,GW-000145,SUCCESS
D000146,P0024,2026-09-04 18:00:08,100.00,NAD,EFT_INSTANT,GW-000146,SUCCESS
D000147,P0024,2026-09-04 18:16:13,50.00,NAD,EFT_INSTANT,GW-000147,SUCCESS
D000148,P0053,2026-09-04 19:17:48,100.00,NAD,EFT_INSTANT,GW-000148,SUCCESS
D000149,P0070,2026-09-04 19:19:41,5000.00,NAD,EFT_INSTANT,GW-000149,SUCCESS
D000150,P0029,2026-09-04 19:31:37,300.00,NAD,EFT_INSTANT,GW-000150,SUCCESS
D000151,P0070,2026-09-04 19:38:03,500.00,NAD,EFT_INSTANT,GW-000151,SUCCESS
D000152,P0088,2026-09-04 19:44:34,2000.00,NAD,EFT_INSTANT,GW-000152,SUCCESS
D000153,P0020,2026-09-04 20:03:36,1500.00,NAD,EFT_INSTANT,GW-000153,SUCCESS
D000154,P0066,2026-09-04 20:13:59,100.00,NAD,EFT_INSTANT,GW-000154,SUCCESS
D000155,P0001,2026-09-04 21:03:23,5000.00,NAD,EFT_INSTANT,GW-000155,SUCCESS
D000156,P0046,2026-09-04 22:53:34,100.00,NAD,EFT_INSTANT,GW-000156,SUCCESS
D000157,P0043,2026-09-04 22:58:00,250.00,NAD,EFT_INSTANT,GW-000157,SUCCESS
D000158,P0021,2026-09-04 23:28:01,20.00,NAD,EFT_INSTANT,GW-000158,SUCCESS
D000159,P0012,2026-09-05 00:14:53,150.00,NAD,EFT_INSTANT,GW-000159,SUCCESS
D000160,P0026,2026-09-05 01:59:20,1500.00,NAD,EFT_INSTANT,GW-000160,SUCCESS
D000161,P0029,2026-09-05 03:08:49,200.00,NAD,EFT_INSTANT,GW-000161,SUCCESS
D000162,P0028,2026-09-05 04:12:59,5000.00,NAD,EFT_INSTANT,GW-000162,SUCCESS
D000309,P0020,2026-09-05 04:54:19,200.00,NAD,EFT_INSTANT,GW-000309,FAILED
D000163,P0069,2026-09-05 05:04:34,100.00,NAD,EFT_INSTANT,GW-000163,SUCCESS
D000164,P0059,2026-09-05 05:15:45,1500.00,NAD,EFT_INSTANT,GW-000164,SUCCESS
D000165,P0040,2026-09-05 06:02:03,150.00,NAD,EFT_INSTANT,GW-000165,SUCCESS
D000166,P0072,2026-09-05 06:26:25,2000.00,NAD,EFT_INSTANT,GW-000166,SUCCESS
D000167,P0012,2026-09-05 06:30:46,5000.00,NAD,EFT_INSTANT,GW-000167,SUCCESS
D000168,P0015,2026-09-05 06:56:09,150.00,NAD,EFT_INSTANT,GW-000168,SUCCESS
D000327,P0015,2026-09-05 06:56:49,150.00,NAD,EFT_INSTANT,GW-000168,SUCCESS
D000169,P0046,2026-09-05 07:45:58,50.00,NAD,EFT_INSTANT,GW-000169,SUCCESS
D000170,P0015,2026-09-05 07:52:40,100.00,NAD,EFT_INSTANT,GW-000170,SUCCESS
D000171,P0083,2026-09-05 08:03:24,150.00,NAD,EFT_INSTANT,GW-000171,SUCCESS
D000172,P0055,2026-09-05 08:50:20,150.00,NAD,EFT_INSTANT,GW-000172,SUCCESS
D000173,P0083,2026-09-05 09:53:21,100.00,NAD,EFT_INSTANT,GW-000173,SUCCESS
D000174,P0037,2026-09-05 11:26:01,250.00,NAD,EFT_INSTANT,GW-000174,SUCCESS
D000175,P0051,2026-09-05 11:48:28,500.00,NAD,EFT_INSTANT,GW-000175,SUCCESS
D000176,P0067,2026-09-05 13:31:11,5000.00,NAD,EFT_INSTANT,GW-000176,SUCCESS
D000177,P0046,2026-09-05 13:37:05,250.00,NAD,EFT_INSTANT,GW-000177,SUCCESS
D000178,P0014,2026-09-05 15:36:38,100.00,NAD,EFT_INSTANT,GW-000178,SUCCESS
D000179,P0046,2026-09-05 17:24:20,200.00,NAD,EFT_INSTANT,GW-000179,SUCCESS
D000180,P0078,2026-09-05 17:35:14,1000.00,NAD,EFT_INSTANT,GW-000180,SUCCESS
D000181,P0090,2026-09-05 17:42:51,50.00,NAD,EFT_INSTANT,GW-000181,SUCCESS
D000182,P0033,2026-09-05 19:41:52,500.00,NAD,EFT_INSTANT,GW-000182,SUCCESS
D000183,P0060,2026-09-05 19:58:08,50.00,NAD,EFT_INSTANT,GW-000183,SUCCESS
D000184,P0070,2026-09-05 20:09:04,500.00,NAD,EFT_INSTANT,GW-000184,SUCCESS
D000185,P0036,2026-09-05 20:15:46,100.00,NAD,EFT_INSTANT,GW-000185,SUCCESS
D000186,P0011,2026-09-05 21:04:33,50.00,NAD,EFT_INSTANT,GW-000186,SUCCESS
D000187,P0009,2026-09-05 21:06:51,50.00,NAD,EFT_INSTANT,GW-000187,SUCCESS
D000188,P0073,2026-09-05 21:43:44,2000.00,NAD,EFT_INSTANT,GW-000188,SUCCESS
D000189,P0083,2026-09-05 22:50:21,1000.00,NAD,EFT_INSTANT,GW-000189,SUCCESS
D000190,P0079,2026-09-05 23:48:10,2000.00,NAD,EFT_INSTANT,GW-000190,SUCCESS
D000191,P0020,2026-09-05 23:53:58,20.00,NAD,EFT_INSTANT,GW-000191,SUCCESS
D000192,P0004,2026-09-06 00:00:54,100.00,NAD,EFT_INSTANT,GW-000192,SUCCESS
D000193,P0012,2026-09-06 00:36:41,1000.00,NAD,EFT_INSTANT,GW-000193,SUCCESS
D000194,P0003,2026-09-06 00:44:24,250.00,NAD,EFT_INSTANT,GW-000194,SUCCESS
D000195,P0078,2026-09-06 01:05:32,50.00,NAD,EFT_INSTANT,GW-000195,SUCCESS
D000196,P0043,2026-09-06 01:41:12,100.00,NAD,EFT_INSTANT,GW-000196,SUCCESS
D000197,P0040,2026-09-06 02:19:26,100.00,NAD,EFT_INSTANT,GW-000197,SUCCESS
D000198,P0042,2026-09-06 02:30:46,200.00,NAD,EFT_INSTANT,GW-000198,SUCCESS
D000305,P0083,2026-09-06 02:32:57,100.00,NAD,EFT_INSTANT,GW-000305,FAILED
D000199,P0089,2026-09-06 02:58:47,2000.00,NAD,EFT_INSTANT,GW-000199,SUCCESS
D000200,P0031,2026-09-06 03:53:36,1000.00,NAD,EFT_INSTANT,GW-000200,SUCCESS
D000201,P0054,2026-09-06 03:55:09,500.00,NAD,EFT_INSTANT,GW-000201,SUCCESS
D000202,P0032,2026-09-06 04:00:59,5000.00,NAD,EFT_INSTANT,GW-000202,SUCCESS
D000203,P0057,2026-09-06 05:04:28,100.00,NAD,EFT_INSTANT,GW-000203,SUCCESS
D000204,P0076,2026-09-06 06:08:23,100.00,NAD,EFT_INSTANT,GW-000204,SUCCESS
D000205,P0062,2026-09-06 06:17:50,1000.00,NAD,EFT_INSTANT,GW-000205,SUCCESS
D000206,P0064,2026-09-06 06:28:42,20.00,NAD,EFT_INSTANT,GW-000206,SUCCESS
D000207,P0005,2026-09-06 07:00:34,1000.00,NAD,EFT_INSTANT,GW-000207,SUCCESS
D000208,P0018,2026-09-06 07:42:29,2000.00,NAD,EFT_INSTANT,GW-000208,SUCCESS
D000209,P0067,2026-09-06 08:28:41,200.00,NAD,EFT_INSTANT,GW-000209,SUCCESS
D000314,P0008,2026-09-06 08:40:52,5000.00,NAD,EFT_INSTANT,GW-000314,FAILED
D000310,P0013,2026-09-06 09:08:17,2000.00,NAD,EFT_INSTANT,GW-000310,FAILED
D000210,P0056,2026-09-06 09:29:38,250.00,NAD,EFT_INSTANT,GW-000210,SUCCESS
D000315,P0045,2026-09-06 10:43:42,5000.00,NAD,EFT_INSTANT,GW-000315,FAILED
D000211,P0046,2026-09-06 10:53:44,20.00,NAD,EFT_INSTANT,GW-000211,SUCCESS
D000212,P0068,2026-09-06 10:58:17,100.00,NAD,EFT_INSTANT,GW-000212,SUCCESS
D000213,P0028,2026-09-06 11:06:46,500.00,NAD,EFT_INSTANT,GW-000213,SUCCESS
D000214,P0071,2026-09-06 11:25:49,50.00,NAD,EFT_INSTANT,GW-000214,SUCCESS
D000215,P0052,2026-09-06 11:36:08,2000.00,NAD,EFT_INSTANT,GW-000215,SUCCESS
D000216,P0054,2026-09-06 11:55:21,100.00,NAD,EFT_INSTANT,GW-000216,SUCCESS
D000217,P0032,2026-09-06 12:16:12,20.00,NAD,EFT_INSTANT,GW-000217,SUCCESS
D000218,P0034,2026-09-06 12:49:57,50.00,NAD,EFT_INSTANT,GW-000218,SUCCESS
D000219,P0068,2026-09-06 13:03:05,100.00,NAD,EFT_INSTANT,GW-000219,SUCCESS
D000220,P0011,2026-09-06 13:14:28,500.00,NAD,EFT_INSTANT,GW-000220,SUCCESS
D000221,P0005,2026-09-06 13:18:06,100.00,NAD,EFT_INSTANT,GW-000221,SUCCESS
D000222,P0058,2026-09-06 13:28:06,100.00,NAD,EFT_INSTANT,GW-000222,SUCCESS
D000223,P0046,2026-09-06 13:38:24,50.00,NAD,EFT_INSTANT,GW-000223,SUCCESS
D000224,P0066,2026-09-06 14:17:49,2000.00,NAD,EFT_INSTANT,GW-000224,SUCCESS
D000313,P0009,2026-09-06 15:04:59,1500.00,NAD,EFT_INSTANT,GW-000313,FAILED
D000225,P0025,2026-09-06 15:07:30,50.00,NAD,EFT_INSTANT,GW-000225,SUCCESS
D000226,P0007,2026-09-06 15:54:07,5000.00,NAD,EFT_INSTANT,GW-000226,SUCCESS
D000227,P0022,2026-09-06 15:55:24,50.00,NAD,EFT_INSTANT,GW-000227,SUCCESS
D000228,P0036,2026-09-06 16:13:39,50.00,NAD,EFT_INSTANT,GW-000228,SUCCESS
D000229,P0037,2026-09-06 16:43:27,20.00,NAD,EFT_INSTANT,GW-000229,SUCCESS
D000230,P0061,2026-09-06 16:54:33,50.00,NAD,EFT_INSTANT,GW-000230,SUCCESS
D000231,P0090,2026-09-06 17:45:59,50.00,NAD,EFT_INSTANT,GW-000231,SUCCESS
D000232,P0071,2026-09-06 18:39:07,100.00,NAD,EFT_INSTANT,GW-000232,SUCCESS
D000233,P0064,2026-09-06 19:29:15,200.00,NAD,EFT_INSTANT,GW-000233,SUCCESS
D000234,P0030,2026-09-06 19:33:41,500.00,NAD,EFT_INSTANT,GW-000234,SUCCESS
D000235,P0060,2026-09-06 19:34:27,1000.00,NAD,EFT_INSTANT,GW-000235,SUCCESS
D000236,P0005,2026-09-06 20:24:28,200.00,NAD,EFT_INSTANT,GW-000236,SUCCESS
D000237,P0050,2026-09-06 20:25:32,1500.00,NAD,EFT_INSTANT,GW-000237,SUCCESS
D000238,P0057,2026-09-06 20:55:43,50.00,NAD,EFT_INSTANT,GW-000238,SUCCESS
D000239,P0022,2026-09-06 21:25:56,100.00,NAD,EFT_INSTANT,GW-000239,SUCCESS
D000307,P0077,2026-09-06 21:28:26,500.00,NAD,EFT_INSTANT,GW-000307,FAILED
D000240,P0072,2026-09-06 22:34:56,100.00,NAD,EFT_INSTANT,GW-000240,SUCCESS
D000241,P0052,2026-09-06 22:48:22,500.00,NAD,EFT_INSTANT,GW-000241,SUCCESS
D000242,P0060,2026-09-06 22:59:10,100.00,NAD,EFT_INSTANT,GW-000242,SUCCESS
D000243,P0045,2026-09-06 23:01:23,20.00,NAD,EFT_INSTANT,GW-000243,SUCCESS
D000244,P0073,2026-09-06 23:18:07,100.00,NAD,EFT_INSTANT,GW-000244,SUCCESS
D000245,P0061,2026-09-07 00:48:27,200.00,NAD,EFT_INSTANT,GW-000245,SUCCESS
D000246,P0088,2026-09-07 00:55:39,100.00,NAD,EFT_INSTANT,GW-000246,SUCCESS
D000247,P0064,2026-09-07 00:56:13,100.00,NAD,EFT_INSTANT,GW-000247,SUCCESS
D000248,P0018,2026-09-07 01:10:32,100.00,NAD,EFT_INSTANT,GW-000248,SUCCESS
D000249,P0012,2026-09-07 01:11:08,1000.00,NAD,EFT_INSTANT,GW-000249,SUCCESS
D000250,P0081,2026-09-07 02:11:19,5000.00,NAD,EFT_INSTANT,GW-000250,SUCCESS
D000251,P0066,2026-09-07 02:22:05,500.00,NAD,EFT_INSTANT,GW-000251,SUCCESS
D000252,P0088,2026-09-07 03:00:38,50.00,NAD,EFT_INSTANT,GW-000252,SUCCESS
D000253,P0084,2026-09-07 03:29:15,20.00,NAD,EFT_INSTANT,GW-000253,SUCCESS
D000254,P0015,2026-09-07 03:33:56,200.00,NAD,EFT_INSTANT,GW-000254,SUCCESS
D000255,P0039,2026-09-07 03:52:44,200.00,NAD,EFT_INSTANT,GW-000255,SUCCESS
D000256,P0040,2026-09-07 04:39:40,100.00,NAD,EFT_INSTANT,GW-000256,SUCCESS
D000257,P0004,2026-09-07 04:55:02,20.00,NAD,EFT_INSTANT,GW-000257,SUCCESS
D000258,P0059,2026-09-07 05:04:45,100.00,NAD,EFT_INSTANT,GW-000258,SUCCESS
D000259,P0032,2026-09-07 05:24:26,100.00,NAD,EFT_INSTANT,GW-000259,SUCCESS
D000260,P0021,2026-09-07 05:35:35,5000.00,NAD,EFT_INSTANT,GW-000260,SUCCESS
D000261,P0015,2026-09-07 06:03:18,5000.00,NAD,EFT_INSTANT,GW-000261,SUCCESS
D000262,P0001,2026-09-07 06:32:39,100.00,NAD,EFT_INSTANT,GW-000262,SUCCESS
D000263,P0019,2026-09-07 06:52:28,300.00,NAD,EFT_INSTANT,GW-000263,SUCCESS
D000264,P0003,2026-09-07 07:16:02,250.00,NAD,EFT_INSTANT,GW-000264,SUCCESS
D000265,P0020,2026-09-07 07:20:54,300.00,NAD,EFT_INSTANT,GW-000265,SUCCESS
D000266,P0057,2026-09-07 07:28:11,20.00,NAD,EFT_INSTANT,GW-000266,SUCCESS
D000267,P0013,2026-09-07 08:18:08,100.00,NAD,EFT_INSTANT,GW-000267,SUCCESS
D000268,P0057,2026-09-07 08:23:52,500.00,NAD,EFT_INSTANT,GW-000268,SUCCESS
D000319,P0055,2026-09-07 08:37:09,200.00,NAD,EFT_INSTANT,GW-000319,FAILED
D000269,P0036,2026-09-07 08:48:58,1000.00,NAD,EFT_INSTANT,GW-000269,SUCCESS
D000270,P0039,2026-09-07 08:49:46,2000.00,NAD,EFT_INSTANT,GW-000270,SUCCESS
D000271,P0080,2026-09-07 09:34:23,2000.00,NAD,EFT_INSTANT,GW-000271,SUCCESS
D000272,P0038,2026-09-07 10:21:18,5000.00,NAD,EFT_INSTANT,GW-000272,SUCCESS
D000273,P0014,2026-09-07 11:15:02,100.00,NAD,EFT_INSTANT,GW-000273,SUCCESS
D000274,P0027,2026-09-07 12:43:21,20.00,NAD,EFT_INSTANT,GW-000274,SUCCESS
D000275,P0052,2026-09-07 12:48:51,300.00,NAD,EFT_INSTANT,GW-000275,SUCCESS
D000276,P0022,2026-09-07 14:40:29,500.00,NAD,EFT_INSTANT,GW-000276,SUCCESS
D000277,P0050,2026-09-07 14:45:36,200.00,NAD,EFT_INSTANT,GW-000277,SUCCESS
D000278,P0083,2026-09-07 14:55:36,500.00,NAD,EFT_INSTANT,GW-000278,SUCCESS
D000279,P0027,2026-09-07 14:58:36,1000.00,NAD,EFT_INSTANT,GW-000279,SUCCESS
D000280,P0070,2026-09-07 15:09:52,300.00,NAD,EFT_INSTANT,GW-000280,SUCCESS
D000281,P0089,2026-09-07 15:12:21,1000.00,NAD,EFT_INSTANT,GW-000281,SUCCESS
D000282,P0058,2026-09-07 15:25:42,500.00,NAD,EFT_INSTANT,GW-000282,SUCCESS
D000283,P0066,2026-09-07 15:33:41,100.00,NAD,EFT_INSTANT,GW-000283,SUCCESS
D000284,P0080,2026-09-07 15:39:35,50.00,NAD,EFT_INSTANT,GW-000284,SUCCESS
D000311,P0017,2026-09-07 16:25:02,1500.00,NAD,EFT_INSTANT,GW-000311,FAILED
D000285,P0022,2026-09-07 17:29:41,300.00,NAD,EFT_INSTANT,GW-000285,SUCCESS
D000286,P0057,2026-09-07 17:52:09,100.00,NAD,EFT_INSTANT,GW-000286,SUCCESS
D000287,P0088,2026-09-07 17:53:18,5000.00,NAD,EFT_INSTANT,GW-000287,SUCCESS
D000288,P0005,2026-09-07 18:06:34,300.00,NAD,EFT_INSTANT,GW-000288,SUCCESS
D000289,P0072,2026-09-07 18:22:09,500.00,NAD,EFT_INSTANT,GW-000289,SUCCESS
D000290,P0029,2026-09-07 18:28:55,1500.00,NAD,EFT_INSTANT,GW-000290,SUCCESS
D000291,P0086,2026-09-07 19:03:08,300.00,NAD,EFT_INSTANT,GW-000291,SUCCESS
D000292,P0045,2026-09-07 19:27:18,500.00,NAD,EFT_INSTANT,GW-000292,SUCCESS
D000293,P0068,2026-09-07 19:41:42,1000.00,NAD,EFT_INSTANT,GW-000293,SUCCESS
D000294,P0054,2026-09-07 19:56:11,20.00,NAD,EFT_INSTANT,GW-000294,SUCCESS
D000295,P0050,2026-09-07 20:16:36,1500.00,NAD,EFT_INSTANT,GW-000295,SUCCESS
D000296,P0032,2026-09-07 21:27:14,500.00,NAD,EFT_INSTANT,GW-000296,SUCCESS
D000297,P0046,2026-09-07 21:58:35,1000.00,NAD,EFT_INSTANT,GW-000297,SUCCESS
D000298,P0014,2026-09-07 22:29:45,20.00,NAD,EFT_INSTANT,GW-000298,SUCCESS
D000299,P0023,2026-09-07 22:42:13,150.00,NAD,EFT_INSTANT,GW-000299,SUCCESS
D000300,P0061,2026-09-07 22:46:21,1000.00,NAD,EFT_INSTANT,GW-000300,SUCCESS
D000328,P0038,2026-09-07 23:54:00,2000.00,NAD,EFT_INSTANT,GW-000328,SUCCESS
D000329,P0034,2026-09-07 23:54:30,1500.00,NAD,EFT_INSTANT,GW-000329,SUCCESS
D000330,P0076,2026-09-07 23:55:00,150.00,NAD,EFT_INSTANT,GW-000330,SUCCESS
